020045299911250756192022be8c350346,DBIT,EBVIVNVN,200000.,2022-11-25,ACSP,AUTH
0200452999112507562920221d26350358,DBIT,EBVIVNVN,500000.,2022-11-25,ACSP,AUTH
02004529991125075630202265e5350361,DBIT,EBVIVNVN,10000000.,2022-11-25,ACSP,AUTH
020045299911250747152022aeca930134,DBIT,EBVIVNVN,34463000.,2022-11-25,ACSP,AUTH
0200452999112507563820225d68350348,DBIT,EBVIVNVN,7300000.,2022-11-25,ACSP,AUTH
020045299911250757252022e209988182,DBIT,EBVIVNVN,700000.,2022-11-25,ACSP,AUTH
0200888899112507571120221001602749,CRDT,VTCBVNVN,59400000.,2022-11-25,ACSP,AUTH
02004529991125075646202227a0350372,DBIT,EBVIVNVN,200000000.,2022-11-25,ACSP,AUTH
020045299911250757282022a65f988198,DBIT,EBVIVNVN,1000000.,2022-11-25,ACSP,AUTH
020045299911250756482022c4df350365,DBIT,EBVIVNVN,20000000.,2022-11-25,ACSP,AUTH
020045299911250756492022cabb350374,DBIT,EBVIVNVN,50000000.,2022-11-25,ACSP,AUTH
020045299911250757012022c899350376,DBIT,EBVIVNVN,5000000.,2022-11-25,ACSP,AUTH
0200452999112507574320226d90988230,DBIT,EBVIVNVN,480000.,2022-11-25,ACSP,AUTH
020045299911250757452022d1d7988266,DBIT,EBVIVNVN,1800000.,2022-11-25,ACSP,AUTH
0200452999112507571820222905350383,DBIT,EBVIVNVN,13500000.,2022-11-25,ACSP,AUTH
020045299911250757212022e8f6350380,DBIT,EBVIVNVN,90256500.,2022-11-25,ACSP,AUTH
02004529991125075724202239a9350386,DBIT,EBVIVNVN,7500000.,2022-11-25,ACSP,AUTH
0200452999112507581120225dc3988285,DBIT,EBVIVNVN,4000000.,2022-11-25,ACSP,AUTH
020045299911250757312022d978350388,DBIT,EBVIVNVN,2700000.,2022-11-25,ACSP,AUTH
020045299911250753152022c38a930136,DBIT,EBVIVNVN,15215241.,2022-11-25,ACSP,AUTH
0200452999112507581520227130988296,DBIT,EBVIVNVN,100000.,2022-11-25,ACSP,AUTH
0200452999112507574320220641350392,DBIT,EBVIVNVN,300000000.,2022-11-25,ACSP,AUTH
0200452999112507583420226058988350,DBIT,EBVIVNVN,2800000.,2022-11-25,ACSP,AUTH
020097041511250758222022zj59430211,CRDT,ICBVVNVN,139000000.,2022-11-25,ACSP,AUTH
02004529991125075838202241ac988357,DBIT,EBVIVNVN,3900000.,2022-11-25,ACSP,AUTH
0200452999112507575820225bd9350400,DBIT,EBVIVNVN,5400000.,2022-11-25,ACSP,AUTH
020045299911250758062022419c350405,DBIT,EBVIVNVN,5300000.,2022-11-25,ACSP,AUTH
0200452999112507580920229ed3350403,DBIT,EBVIVNVN,189469000.,2022-11-25,ACSP,AUTH
020045299911250758512022458c988407,DBIT,EBVIVNVN,300000.,2022-11-25,ACSP,AUTH
020045299911250758192022984a350408,DBIT,EBVIVNVN,300000.,2022-11-25,ACSP,AUTH
02004529991125075823202207f9350412,DBIT,EBVIVNVN,37000000.,2022-11-25,ACSP,AUTH
0200452999112507582820226f44350410,DBIT,EBVIVNVN,8176000.,2022-11-25,ACSP,AUTH
0200452999112507582520223221350415,DBIT,EBVIVNVN,1286000.,2022-11-25,ACSP,AUTH
020045299911250759122022243d988467,DBIT,EBVIVNVN,1100000.,2022-11-25,ACSP,AUTH
020045299911250758312022f953350422,DBIT,EBVIVNVN,190000.,2022-11-25,ACSP,AUTH
020045299911250759202022ada5988489,DBIT,EBVIVNVN,1300000.,2022-11-25,ACSP,AUTH
020045299911250759332022af8c988511,DBIT,EBVIVNVN,500000.,2022-11-25,ACSP,AUTH
020045299911250758542022e60d350418,DBIT,EBVIVNVN,100000.,2022-11-25,ACSP,AUTH
0200452999112507585720225f3e350427,DBIT,EBVIVNVN,5000000.,2022-11-25,ACSP,AUTH
0200452999112507590620228f8b350432,DBIT,EBVIVNVN,500000.,2022-11-25,ACSP,AUTH
020045299911250759502022f1b8988550,DBIT,EBVIVNVN,350000.,2022-11-25,ACSP,AUTH
020045299911250759532022c232988552,DBIT,EBVIVNVN,500000.,2022-11-25,ACSP,AUTH
020045299911250759242022b9f2350435,DBIT,EBVIVNVN,300000.,2022-11-25,ACSP,AUTH
020045299911250800082022e7cb988613,DBIT,EBVIVNVN,1000000.,2022-11-25,ACSP,AUTH
020045299911250759322022a0c1350437,DBIT,EBVIVNVN,1100000.,2022-11-25,ACSP,AUTH
0200452999112507593320227929350443,DBIT,EBVIVNVN,1428000.,2022-11-25,ACSP,AUTH
02004529991125075934202235f6350439,DBIT,EBVIVNVN,100000.,2022-11-25,ACSP,AUTH
020097041511250800022022zqH0430250,CRDT,ICBVVNVN,25000000.,2022-11-25,ACSP,AUTH
0200452999112508002320222e3b988642,DBIT,EBVIVNVN,500000.,2022-11-25,ACSP,AUTH
02004529991125080029202247cd988667,DBIT,EBVIVNVN,900000.,2022-11-25,ACSP,AUTH
0200452999112507595420224bf2350447,DBIT,EBVIVNVN,174000.,2022-11-25,ACSP,AUTH
02004529991125075957202273eb350441,DBIT,EBVIVNVN,708000.,2022-11-25,ACSP,AUTH
020045299911250759562022ba64350453,DBIT,EBVIVNVN,1000000.,2022-11-25,ACSP,AUTH
020045299911250800042022c2e3350456,DBIT,EBVIVNVN,37700000.,2022-11-25,ACSP,AUTH
02004529991125080047202282d1988711,DBIT,EBVIVNVN,200000.,2022-11-25,ACSP,AUTH
020045299911250800132022aabc350460,DBIT,EBVIVNVN,17000000.,2022-11-25,ACSP,AUTH
020045299911250800542022bda7988731,DBIT,EBVIVNVN,500000.,2022-11-25,ACSP,AUTH
020045299911250800222022f0f0350463,DBIT,EBVIVNVN,450000.,2022-11-25,ACSP,AUTH
020045299911250801062022fd97988674,DBIT,EBVIVNVN,28206587.,2022-11-25,ACSP,AUTH
0200452999112508002320223971350465,DBIT,EBVIVNVN,499999999.,2022-11-25,ACSP,AUTH
020045299911250800262022c442350467,DBIT,EBVIVNVN,3720000.,2022-11-25,ACSP,AUTH
020045299911250801112022547c988741,DBIT,EBVIVNVN,2000000.,2022-11-25,ACSP,AUTH
02004529991125080116202202cf988774,DBIT,EBVIVNVN,2000000.,2022-11-25,ACSP,AUTH
0200452999112508012520229105988823,DBIT,EBVIVNVN,140000.,2022-11-25,ACSP,AUTH
020045299911250801292022b426988778,DBIT,EBVIVNVN,300000.,2022-11-25,ACSP,AUTH
0200452999112508013120223a34988812,DBIT,EBVIVNVN,500000.,2022-11-25,ACSP,AUTH
020045299911250801322022aa6f988810,DBIT,EBVIVNVN,600000.,2022-11-25,ACSP,AUTH
020045299911250801422022c016988832,DBIT,EBVIVNVN,300000000.,2022-11-25,ACSP,AUTH
0200452999112508014420225735988885,DBIT,EBVIVNVN,994000.,2022-11-25,ACSP,AUTH
020045299911250801442022b4ae988842,DBIT,EBVIVNVN,1400000.,2022-11-25,ACSP,AUTH
020045299911250801062022efb4350486,DBIT,EBVIVNVN,2500000.,2022-11-25,ACSP,AUTH
020045299911250801112022b0e5350493,DBIT,EBVIVNVN,5000000.,2022-11-25,ACSP,AUTH
02004529991125080154202213e0988913,DBIT,EBVIVNVN,2000000.,2022-11-25,ACSP,AUTH
0200452999112508020320228aa7988889,DBIT,EBVIVNVN,1118000.,2022-11-25,ACSP,AUTH
0200452999112508012220226873350498,DBIT,EBVIVNVN,750000.,2022-11-25,ACSP,AUTH
020045299911250801222022cd35350502,DBIT,EBVIVNVN,499999999.,2022-11-25,ACSP,AUTH
0200452999112508012420229101350491,DBIT,EBVIVNVN,1482000.,2022-11-25,ACSP,AUTH
02004529991125080125202275cd350500,DBIT,EBVIVNVN,295000000.,2022-11-25,ACSP,AUTH
02004529991125080206202217fe988917,DBIT,EBVIVNVN,1000000.,2022-11-25,ACSP,AUTH
020045299911250802112022b7e9988920,DBIT,EBVIVNVN,500000.,2022-11-25,ACSP,AUTH
02004529991125080130202294c4350509,DBIT,EBVIVNVN,100000000.,2022-11-25,ACSP,AUTH
020045299911250801332022d2f1350511,DBIT,EBVIVNVN,4800000.,2022-11-25,ACSP,AUTH
020045299911250801392022750c350514,DBIT,EBVIVNVN,50000.,2022-11-25,ACSP,AUTH
0200888899112508021120221001602850,CRDT,VTCBVNVN,69000000.,2022-11-25,ACSP,AUTH
020045299911250801452022c228350519,DBIT,EBVIVNVN,9500000.,2022-11-25,ACSP,AUTH
020045299911250801452022b550350522,DBIT,EBVIVNVN,420000.,2022-11-25,ACSP,AUTH
0200452999112508022820227639988956,DBIT,EBVIVNVN,200000.,2022-11-25,ACSP,AUTH
020045299911250802292022d692988981,DBIT,EBVIVNVN,400000.,2022-11-25,ACSP,AUTH
0200452999112508023120229e0d988987,DBIT,EBVIVNVN,100000000.,2022-11-25,ACSP,AUTH
020045299911250802322022617f988965,DBIT,EBVIVNVN,1000000.,2022-11-25,ACSP,AUTH
020045299911250801542022db29350524,DBIT,EBVIVNVN,425000.,2022-11-25,ACSP,AUTH
020045299911250801582022379e350526,DBIT,EBVIVNVN,10000000.,2022-11-25,ACSP,AUTH
0200452999112508020320226327350517,DBIT,EBVIVNVN,1310.,2022-11-25,ACSP,AUTH
02004529991125080205202244d1350531,DBIT,EBVIVNVN,79000.,2022-11-25,ACSP,AUTH
02004529991125080208202250d9350535,DBIT,EBVIVNVN,490000.,2022-11-25,ACSP,AUTH
0200452999112508021820220cc6350533,DBIT,EBVIVNVN,11000000.,2022-11-25,ACSP,AUTH
02004529991125080220202222a1350551,DBIT,EBVIVNVN,499000.,2022-11-25,ACSP,AUTH
0200452999112508022220224f58350544,DBIT,EBVIVNVN,200000.,2022-11-25,ACSP,AUTH
020045299911250802222022f3ae350546,DBIT,EBVIVNVN,425000.,2022-11-25,ACSP,AUTH
020045299911250802262022a5e5350553,DBIT,EBVIVNVN,208000000.,2022-11-25,ACSP,AUTH
020045299911250802342022d5aa350555,DBIT,EBVIVNVN,10000000.,2022-11-25,ACSP,AUTH
020045299911250803152022ddf4989081,DBIT,EBVIVNVN,5000000.,2022-11-25,ACSP,AUTH
0200452999112508032220226b69989103,DBIT,EBVIVNVN,400000.,2022-11-25,ACSP,AUTH
0200452999112508032320227b3f989066,DBIT,EBVIVNVN,220000.,2022-11-25,ACSP,AUTH
020045299911250802462022aa85350560,DBIT,EBVIVNVN,10361000.,2022-11-25,ACSP,AUTH
0200452999112508024220226526350566,DBIT,EBVIVNVN,963000.,2022-11-25,ACSP,AUTH
020045299911250802482022aa92350562,DBIT,EBVIVNVN,1000000.,2022-11-25,ACSP,AUTH
020045299911250803302022a930989117,DBIT,EBVIVNVN,600000.,2022-11-25,ACSP,AUTH
0200452999112508024920223ff1350568,DBIT,EBVIVNVN,12000000.,2022-11-25,ACSP,AUTH
020045299911250803002022eacd350564,DBIT,EBVIVNVN,499999999.,2022-11-25,ACSP,AUTH
0200452999112508035320222fd9989205,DBIT,EBVIVNVN,1750000.,2022-11-25,ACSP,AUTH
0200452999112508034920227d85989221,DBIT,EBVIVNVN,310000.,2022-11-25,ACSP,AUTH
020045299911250803522022e94f989136,DBIT,EBVIVNVN,1000000.,2022-11-25,ACSP,AUTH
0200452999112508040620225399989233,DBIT,EBVIVNVN,1000000.,2022-11-25,ACSP,AUTH
020045299911250804092022da11989242,DBIT,EBVIVNVN,600000.,2022-11-25,ACSP,AUTH
0200452999112508033020226a6f350581,DBIT,EBVIVNVN,3200000.,2022-11-25,ACSP,AUTH
020045299911250804152022599d989248,DBIT,EBVIVNVN,200000.,2022-11-25,ACSP,AUTH
0200452999112508033620223858350584,DBIT,EBVIVNVN,50000000.,2022-11-25,ACSP,AUTH
02004529991125080340202202f3350593,DBIT,EBVIVNVN,300000.,2022-11-25,ACSP,AUTH
0200452999112508034520228dc2350597,DBIT,EBVIVNVN,200000.,2022-11-25,ACSP,AUTH
020045299911250803512022449c350588,DBIT,EBVIVNVN,1310000.,2022-11-25,ACSP,AUTH
0200452999112508044420220f56989313,DBIT,EBVIVNVN,1500000.,2022-11-25,ACSP,AUTH
0200452999112508040320225b65350604,DBIT,EBVIVNVN,3500000.,2022-11-25,ACSP,AUTH
02004529991125080406202297b5350606,DBIT,EBVIVNVN,4800000.,2022-11-25,ACSP,AUTH
020045299911250804082022ca35350586,DBIT,EBVIVNVN,3500000.,2022-11-25,ACSP,AUTH
0200452999112508045420222f41989339,DBIT,EBVIVNVN,1500000.,2022-11-25,ACSP,AUTH
020045299911250805012022e55e989393,DBIT,EBVIVNVN,12000000.,2022-11-25,ACSP,AUTH
020045299911250804222022ed8c350615,DBIT,EBVIVNVN,1000000.,2022-11-25,ACSP,AUTH
02004529991125080424202265db350613,DBIT,EBVIVNVN,2000000.,2022-11-25,ACSP,AUTH
0200452999112508050520223896989350,DBIT,EBVIVNVN,400000.,2022-11-25,ACSP,AUTH
020045299911250804272022e86e350619,DBIT,EBVIVNVN,50000000.,2022-11-25,ACSP,AUTH
02004529991125080429202221b1350625,DBIT,EBVIVNVN,9403900.,2022-11-25,ACSP,AUTH
020045299911250805312022a942989447,DBIT,EBVIVNVN,200000.,2022-11-25,ACSP,AUTH
020045299911250805312022465f989457,DBIT,EBVIVNVN,200000.,2022-11-25,ACSP,AUTH
0200452999112508045620229010350610,DBIT,EBVIVNVN,95000.,2022-11-25,ACSP,AUTH
0200452999112508045820226542350641,DBIT,EBVIVNVN,600000.,2022-11-25,ACSP,AUTH
02004529991125080541202245d1989482,DBIT,EBVIVNVN,300000.,2022-11-25,ACSP,AUTH
020045299911250805032022a340350638,DBIT,EBVIVNVN,4000000.,2022-11-25,ACSP,AUTH
0200452999112508050420229417350647,DBIT,EBVIVNVN,110000.,2022-11-25,ACSP,AUTH
020097041511250805392022miv0430402,CRDT,ICBVVNVN,700000.,2022-11-25,ACSP,AUTH
020045299911250805192022f7f2350653,DBIT,EBVIVNVN,57000000.,2022-11-25,ACSP,AUTH
020045299911250806012022d1c2989556,DBIT,EBVIVNVN,5000000.,2022-11-25,ACSP,AUTH
020045299911250805242022adcd350655,DBIT,EBVIVNVN,800000.,2022-11-25,ACSP,AUTH
020045299911250806072022385a989533,DBIT,EBVIVNVN,300000.,2022-11-25,ACSP,AUTH
020045299911250805282022120b350658,DBIT,EBVIVNVN,150000000.,2022-11-25,ACSP,AUTH
020045299911250806102022934b989559,DBIT,EBVIVNVN,2000000.,2022-11-25,ACSP,AUTH
020045299911250805352022b000350661,DBIT,EBVIVNVN,5000000.,2022-11-25,ACSP,AUTH
0200452999112508061820225d1c989575,DBIT,EBVIVNVN,2000000.,2022-11-25,ACSP,AUTH
02004529991125080543202224e4350649,DBIT,EBVIVNVN,5000000.,2022-11-25,ACSP,AUTH
0200452999112508054520225c74350665,DBIT,EBVIVNVN,700000.,2022-11-25,ACSP,AUTH
02004529991125080628202296fe989626,DBIT,EBVIVNVN,1239000.,2022-11-25,ACSP,AUTH
0200452999112508063020229760989591,DBIT,EBVIVNVN,1000000.,2022-11-25,ACSP,AUTH
0200452999112508055820224bd1350677,DBIT,EBVIVNVN,2000000.,2022-11-25,ACSP,AUTH
02004529991125080559202228c1350679,DBIT,EBVIVNVN,20000000.,2022-11-25,ACSP,AUTH
02004529991125080605202280ea350681,DBIT,EBVIVNVN,1091000.,2022-11-25,ACSP,AUTH
0200452999112508064920224dc2989690,DBIT,EBVIVNVN,10000000.,2022-11-25,ACSP,AUTH
02004529991125080700202243c6989687,DBIT,EBVIVNVN,5000000.,2022-11-25,ACSP,AUTH
020045299911250806192022cded350687,DBIT,EBVIVNVN,7130000.,2022-11-25,ACSP,AUTH
0200452999112508070420224e00989701,DBIT,EBVIVNVN,2500000.,2022-11-25,ACSP,AUTH
0200452999112508062420226039350695,DBIT,EBVIVNVN,4000000.,2022-11-25,ACSP,AUTH
0200452999112508062720225bb3350685,DBIT,EBVIVNVN,50000.,2022-11-25,ACSP,AUTH
020045299911250807112022889b989704,DBIT,EBVIVNVN,200000.,2022-11-25,ACSP,AUTH
020045299911250807132022064a989715,DBIT,EBVIVNVN,900000.,2022-11-25,ACSP,AUTH
020045299911250806352022d434350701,DBIT,EBVIVNVN,656000.,2022-11-25,ACSP,AUTH
020097041511250807012022SDev430428,CRDT,ICBVVNVN,200000.,2022-11-25,ACSP,AUTH
0200452999112508063720223f74350693,DBIT,EBVIVNVN,550000.,2022-11-25,RJCT,NAUT
0200452999112508064220223d2f350707,DBIT,EBVIVNVN,4200000.,2022-11-25,ACSP,AUTH
020045299911250806422022c49f350691,DBIT,EBVIVNVN,1000000.,2022-11-25,ACSP,AUTH
0200452999112508064820227cf1350705,DBIT,EBVIVNVN,200000000.,2022-11-25,ACSP,AUTH
0200452999112508064920221e85350713,DBIT,EBVIVNVN,700000.,2022-11-25,ACSP,AUTH
020045299911250806542022613a350703,DBIT,EBVIVNVN,50000000.,2022-11-25,ACSP,AUTH
020045299911250806552022de54350717,DBIT,EBVIVNVN,14800000.,2022-11-25,ACSP,AUTH
0200452999112508065920220dc0350709,DBIT,EBVIVNVN,22433000.,2022-11-25,ACSP,AUTH
020045299911250807412022381f989792,DBIT,EBVIVNVN,350000.,2022-11-25,ACSP,AUTH
020045299911250807432022fc4f989800,DBIT,EBVIVNVN,400000.,2022-11-25,ACSP,AUTH
020045299911250807072022c193350689,DBIT,EBVIVNVN,5500000.,2022-11-25,ACSP,AUTH
020045299911250807122022a3a6350721,DBIT,EBVIVNVN,2600000.,2022-11-25,ACSP,AUTH
020045299911250807152022e130350725,DBIT,EBVIVNVN,485000000.,2022-11-25,ACSP,AUTH
020045299911250807272022b92a350731,DBIT,EBVIVNVN,1600000.,2022-11-25,ACSP,AUTH
020045299911250808092022ddc6989828,DBIT,EBVIVNVN,500000.,2022-11-25,ACSP,AUTH
0200452999112508073220221a25350735,DBIT,EBVIVNVN,1300000.,2022-11-25,ACSP,AUTH
020045299911250807332022bbf6350737,DBIT,EBVIVNVN,660000.,2022-11-25,ACSP,AUTH
0200452999112508082220229bbe989911,DBIT,EBVIVNVN,1000000.,2022-11-25,ACSP,AUTH
020045299911250808212022da1f989893,DBIT,EBVIVNVN,300000.,2022-11-25,ACSP,AUTH
020045299911250807462022945b350743,DBIT,EBVIVNVN,445000.,2022-11-25,ACSP,AUTH
020045299911250807492022c951350747,DBIT,EBVIVNVN,1520000.,2022-11-25,RJCT,NAUT
0200452999112508075120224bf0350749,DBIT,EBVIVNVN,5000000.,2022-11-25,ACSP,AUTH
02004529991125080840202293cb989943,DBIT,EBVIVNVN,1000000.,2022-11-25,ACSP,AUTH
02004529991125080807202244e8350757,DBIT,EBVIVNVN,35500000.,2022-11-25,ACSP,AUTH
020045299911250808162022c5ec350767,DBIT,EBVIVNVN,2089000.,2022-11-25,ACSP,AUTH
02004529991125080833202243b3350775,DBIT,EBVIVNVN,910000.,2022-11-25,ACSP,AUTH
020045299911250808362022690d350751,DBIT,EBVIVNVN,1000000.,2022-11-25,ACSP,AUTH
02004529991125080844202201a2350779,DBIT,EBVIVNVN,5000000.,2022-11-25,ACSP,AUTH
0200452999112508093220222917990068,DBIT,EBVIVNVN,200000.,2022-11-25,ACSP,AUTH
02004529991125080854202214c0350785,DBIT,EBVIVNVN,50000000.,2022-11-25,ACSP,AUTH
02004529991125080937202295f9990082,DBIT,EBVIVNVN,400000.,2022-11-25,ACSP,AUTH
0200452999112508085920228b9f350787,DBIT,EBVIVNVN,3200000.,2022-11-25,ACSP,AUTH
0200452999112508085220228ab1350783,DBIT,EBVIVNVN,400000.,2022-11-25,ACSP,AUTH
0200452999112508090620220b4b350789,DBIT,EBVIVNVN,36260000.,2022-11-25,ACSP,AUTH
020097041511250809352022xaJo430508,CRDT,ICBVVNVN,299000000.,2022-11-25,ACSP,AUTH
020045299911250809542022ba78990177,DBIT,EBVIVNVN,380000.,2022-11-25,ACSP,AUTH
0200452999112508081020225432930145,DBIT,EBVIVNVN,97350000.,2022-11-25,ACSP,AUTH
020045299911250810062022f1be990159,DBIT,EBVIVNVN,500000.,2022-11-25,ACSP,AUTH
020045299911250809292022970e350796,DBIT,EBVIVNVN,800000.,2022-11-25,ACSP,AUTH
020045299911250810112022a6a7990201,DBIT,EBVIVNVN,200000.,2022-11-25,ACSP,AUTH
02004529991125080935202231b8350794,DBIT,EBVIVNVN,20000000.,2022-11-25,ACSP,AUTH
02004529991125081024202297d2990226,DBIT,EBVIVNVN,600000.,2022-11-25,ACSP,AUTH
0200452999112508095320226cfa350811,DBIT,EBVIVNVN,10000000.,2022-11-25,ACSP,AUTH
02004529991125081050202293c8990294,DBIT,EBVIVNVN,520000.,2022-11-25,ACSP,AUTH
02004529991125081010202276c1350813,DBIT,EBVIVNVN,550000.,2022-11-25,RJCT,NAUT
0200452999112508105220229029990321,DBIT,EBVIVNVN,400000.,2022-11-25,ACSP,AUTH
0200452999112508110120228082990306,DBIT,EBVIVNVN,700000.,2022-11-25,ACSP,AUTH
020045299911250759042022d465930138,DBIT,EBVIVNVN,300000000.,2022-11-25,ACSP,AUTH
0200452999112508103120226eea350826,DBIT,EBVIVNVN,40000.,2022-11-25,ACSP,AUTH
0200452999112508103820225552350824,DBIT,EBVIVNVN,200000000.,2022-11-25,ACSP,AUTH
0200452999112508104320228d51350832,DBIT,EBVIVNVN,10000000.,2022-11-25,ACSP,AUTH
020097041511250811092022aDh1430567,CRDT,ICBVVNVN,181000000.,2022-11-25,ACSP,AUTH
02004529991125081127202236a0990394,DBIT,EBVIVNVN,2500000.,2022-11-25,ACSP,AUTH
0200452999112508105120227c80350838,DBIT,EBVIVNVN,500000.,2022-11-25,ACSP,AUTH
02004529991125081133202271aa990397,DBIT,EBVIVNVN,1800000.,2022-11-25,ACSP,AUTH
02004529991125081139202271a5990425,DBIT,EBVIVNVN,300000.,2022-11-25,ACSP,AUTH
020045299911250811042022c0ae350843,DBIT,EBVIVNVN,200000.,2022-11-25,ACSP,AUTH
0200452999112508114920221180990479,DBIT,EBVIVNVN,374000.,2022-11-25,ACSP,AUTH
02004529991125081110202270d6350849,DBIT,EBVIVNVN,38411000.,2022-11-25,ACSP,AUTH
0200452999112508120720229235990495,DBIT,EBVIVNVN,2200000.,2022-11-25,ACSP,AUTH
0200452999112508112720221c9d350858,DBIT,EBVIVNVN,6907000.,2022-11-25,ACSP,AUTH
020045299911250811322022c048350840,DBIT,EBVIVNVN,700000.,2022-11-25,ACSP,AUTH
0200452999112508113520225da3350862,DBIT,EBVIVNVN,3500000.,2022-11-25,ACSP,AUTH
0200452999112508123520225433990550,DBIT,EBVIVNVN,1500000.,2022-11-25,ACSP,AUTH
020045299911250812022022827d350867,DBIT,EBVIVNVN,100000000.,2022-11-25,ACSP,AUTH
020045299911250812022022892f350877,DBIT,EBVIVNVN,8000000.,2022-11-25,ACSP,AUTH
020045299911250812062022467f350873,DBIT,EBVIVNVN,563220.,2022-11-25,ACSP,AUTH
0200452999112508124720223078990586,DBIT,EBVIVNVN,400000.,2022-11-25,ACSP,AUTH
0200452999112508123120225eb7350893,DBIT,EBVIVNVN,200000000.,2022-11-25,ACSP,AUTH
020045299911250812312022287c350891,DBIT,EBVIVNVN,9200000.,2022-11-25,ACSP,AUTH
0200452999112508131320222f18990656,DBIT,EBVIVNVN,230000.,2022-11-25,ACSP,AUTH
02004529991125081234202256f5350895,DBIT,EBVIVNVN,400000.,2022-11-25,ACSP,AUTH
0200452999112508132620221e69990732,DBIT,EBVIVNVN,20000000.,2022-11-25,ACSP,AUTH
02004529991125081247202251ef350903,DBIT,EBVIVNVN,60400000.,2022-11-25,ACSP,AUTH
0200452999112508124820224b6a350899,DBIT,EBVIVNVN,100000000.,2022-11-25,ACSP,AUTH
020045299911250813292022fe97990741,DBIT,EBVIVNVN,2300000.,2022-11-25,ACSP,AUTH
02004529991125081332202256b4990749,DBIT,EBVIVNVN,20000000.,2022-11-25,ACSP,AUTH
020045299911250812542022e3ff350909,DBIT,EBVIVNVN,6000000.,2022-11-25,ACSP,AUTH
020045299911250813362022ff31990759,DBIT,EBVIVNVN,1250000.,2022-11-25,ACSP,AUTH
02004529991125081338202288ad990731,DBIT,EBVIVNVN,3960000.,2022-11-25,ACSP,AUTH
0200452999112508114720224789930151,DBIT,EBVIVNVN,241740000.,2022-11-25,ACSP,AUTH
020045299911250813102022ad3f350916,DBIT,EBVIVNVN,6500000.,2022-11-25,ACSP,AUTH
020045299911250813082022d58f350911,DBIT,EBVIVNVN,4000000.,2022-11-25,ACSP,AUTH
020045299911250813552022ce05990771,DBIT,EBVIVNVN,250000.,2022-11-25,ACSP,AUTH
020045299911250813192022670d350913,DBIT,EBVIVNVN,1763000.,2022-11-25,ACSP,AUTH
020045299911250814102022108d990801,DBIT,EBVIVNVN,1000000.,2022-11-25,ACSP,AUTH
0200452999112508132620224922350921,DBIT,EBVIVNVN,3020000.,2022-11-25,ACSP,AUTH
020045299911250813362022b36a350926,DBIT,EBVIVNVN,7818000.,2022-11-25,ACSP,AUTH
02004529991125081418202275d8990859,DBIT,EBVIVNVN,480000.,2022-11-25,ACSP,AUTH
0200452999112508133720229327350923,DBIT,EBVIVNVN,1300000.,2022-11-25,ACSP,AUTH
020045299911250814222022e8fa990831,DBIT,EBVIVNVN,500000.,2022-11-25,ACSP,AUTH
020045299911250813422022bb61350928,DBIT,EBVIVNVN,20000000.,2022-11-25,ACSP,AUTH
020045299911250809122022998a930147,DBIT,EBVIVNVN,55120000.,2022-11-25,ACSP,AUTH
0200452999112508135520228b52350936,DBIT,EBVIVNVN,15257000.,2022-11-25,ACSP,AUTH
0200452999112508143620225912990879,DBIT,EBVIVNVN,200000.,2022-11-25,ACSP,AUTH
020045299911250814012022c82e350938,DBIT,EBVIVNVN,20000.,2022-11-25,ACSP,AUTH
020045299911250814022022e12d350942,DBIT,EBVIVNVN,22000.,2022-11-25,ACSP,AUTH
0200452999112508150120225f83990935,DBIT,EBVIVNVN,200000.,2022-11-25,ACSP,AUTH
02004529991125081422202296c3350945,DBIT,EBVIVNVN,395000.,2022-11-25,ACSP,AUTH
020045299911250815042022da79990985,DBIT,EBVIVNVN,390000.,2022-11-25,ACSP,AUTH
020045299911250815082022fa30845792,DBIT,EBVIVNVN,163403637.,2022-11-25,ACSP,AUTH
0200452999112508142820225ee8350949,DBIT,EBVIVNVN,5000000.,2022-11-25,ACSP,AUTH
0200452999112508143020223c0e350957,DBIT,EBVIVNVN,1190000.,2022-11-25,ACSP,AUTH
020045299911250814312022f340350953,DBIT,EBVIVNVN,2814000.,2022-11-25,ACSP,AUTH
020045299911250814402022cee3350951,DBIT,EBVIVNVN,490000000.,2022-11-25,ACSP,AUTH
0200452999112508144520228597350967,DBIT,EBVIVNVN,1000000.,2022-11-25,ACSP,AUTH
0200452999112508144720225514350965,DBIT,EBVIVNVN,4000000.,2022-11-25,ACSP,AUTH
020045299911250815002022fafd350970,DBIT,EBVIVNVN,157740000.,2022-11-25,ACSP,AUTH
020045299911250815012022163a350974,DBIT,EBVIVNVN,20000000.,2022-11-25,ACSP,AUTH
020045299911250815002022b8e7350976,DBIT,EBVIVNVN,22000.,2022-11-25,ACSP,AUTH
020045299911250815052022d9dd350981,DBIT,EBVIVNVN,1400000.,2022-11-25,ACSP,AUTH
0200452999112508151220224f53350985,DBIT,EBVIVNVN,490000000.,2022-11-25,ACSP,AUTH
0200452999112508151220225125350989,DBIT,EBVIVNVN,500000.,2022-11-25,ACSP,AUTH
020045299911250815122022faed350979,DBIT,EBVIVNVN,84500000.,2022-11-25,ACSP,AUTH
020045299911250815182022f8bd350991,DBIT,EBVIVNVN,900000.,2022-11-25,ACSP,AUTH
020045299911250815242022746b350995,DBIT,EBVIVNVN,300000000.,2022-11-25,ACSP,AUTH
0200452999112508152520227399351005,DBIT,EBVIVNVN,105000000.,2022-11-25,ACSP,AUTH
02004529991125081527202277fd351003,DBIT,EBVIVNVN,1200000.,2022-11-25,ACSP,AUTH
0200452999112508152920229ae7351001,DBIT,EBVIVNVN,780000.,2022-11-25,ACSP,AUTH
0200452999112508153820225217350993,DBIT,EBVIVNVN,1000000.,2022-11-25,ACSP,AUTH
02004529991125081538202210fa350997,DBIT,EBVIVNVN,550000.,2022-11-25,RJCT,NAUT
0200452999112508154020224ffa351017,DBIT,EBVIVNVN,10100000.,2022-11-25,ACSP,AUTH
020045299911250815422022d67b351015,DBIT,EBVIVNVN,2000000.,2022-11-25,ACSP,AUTH
020045299911250816232022b713991198,DBIT,EBVIVNVN,500000.,2022-11-25,ACSP,AUTH
0200452999112508155620223c63351027,DBIT,EBVIVNVN,3486000.,2022-11-25,ACSP,AUTH
0200452999112508155620225cd6351029,DBIT,EBVIVNVN,75000000.,2022-11-25,ACSP,AUTH
0200452999112508155920223963351024,DBIT,EBVIVNVN,150000.,2022-11-25,ACSP,AUTH
0200452999112508160920220eb0351033,DBIT,EBVIVNVN,320000000.,2022-11-25,ACSP,AUTH
0200452999112508161920226428351011,DBIT,EBVIVNVN,2000000.,2022-11-25,ACSP,AUTH
020045299911250817072022e1b8991187,DBIT,EBVIVNVN,1000000.,2022-11-25,ACSP,AUTH
020045299911250817082022bc71991298,DBIT,EBVIVNVN,250000.,2022-11-25,ACSP,AUTH
020045299911250817202022cb49991339,DBIT,EBVIVNVN,1170000.,2022-11-25,ACSP,AUTH
02004529991125081722202298f8991306,DBIT,EBVIVNVN,560000.,2022-11-25,ACSP,AUTH
02004529991125081642202213a1351057,DBIT,EBVIVNVN,1950000.,2022-11-25,ACSP,AUTH
0200452999112508164420220b73351048,DBIT,EBVIVNVN,35000.,2022-11-25,ACSP,AUTH
0200452999112508164520226c0c351059,DBIT,EBVIVNVN,499999999.,2022-11-25,ACSP,AUTH
020045299911250816452022fb3e351063,DBIT,EBVIVNVN,1825000.,2022-11-25,ACSP,AUTH
02004529991125081648202275de351065,DBIT,EBVIVNVN,600000.,2022-11-25,ACSP,AUTH
0200452999112508165420224e8d351041,DBIT,EBVIVNVN,20000000.,2022-11-25,ACSP,AUTH
020045299911250816552022decc351046,DBIT,EBVIVNVN,1500000.,2022-11-25,ACSP,AUTH
020045299911250817142022126d351080,DBIT,EBVIVNVN,10000000.,2022-11-25,ACSP,AUTH
0200452999112508171520223c61351082,DBIT,EBVIVNVN,11500000.,2022-11-25,ACSP,AUTH
020045299911250817572022909d991448,DBIT,EBVIVNVN,994000.,2022-11-25,ACSP,AUTH
0200452999112508172120229ebe351092,DBIT,EBVIVNVN,40000000.,2022-11-25,ACSP,AUTH
020045299911250817202022f9d3351090,DBIT,EBVIVNVN,479000.,2022-11-25,ACSP,AUTH
020045299911250817212022ba86351088,DBIT,EBVIVNVN,3020000.,2022-11-25,ACSP,AUTH
020045299911250817242022a5a5351073,DBIT,EBVIVNVN,3000000.,2022-11-25,ACSP,AUTH
020045299911250818042022fa65991422,DBIT,EBVIVNVN,300000.,2022-11-25,ACSP,AUTH
0200452999112508172120226ac5351086,DBIT,EBVIVNVN,50000.,2022-11-25,ACSP,AUTH
020045299911250817252022dc27351098,DBIT,EBVIVNVN,1950000.,2022-11-25,ACSP,AUTH
0200452999112508172520222166351094,DBIT,EBVIVNVN,300000.,2022-11-25,ACSP,AUTH
020045299911250817302022613f351105,DBIT,EBVIVNVN,400000.,2022-11-25,ACSP,AUTH
0200452999112508173020222f6d351107,DBIT,EBVIVNVN,100000000.,2022-11-25,ACSP,AUTH
02004529991125081814202266dd991489,DBIT,EBVIVNVN,575000.,2022-11-25,ACSP,AUTH
020045299911250817342022c471351109,DBIT,EBVIVNVN,12000000.,2022-11-25,ACSP,AUTH
020045299911250817342022b5a1351111,DBIT,EBVIVNVN,4000000.,2022-11-25,ACSP,AUTH
0200452999112508174220221f52351114,DBIT,EBVIVNVN,1000000.,2022-11-25,ACSP,AUTH
020045299911250817532022040e351118,DBIT,EBVIVNVN,500000.,2022-11-25,ACSP,AUTH
0200452999112508175420220009351121,DBIT,EBVIVNVN,499999999.,2022-11-25,ACSP,AUTH
020045299911250817572022dc51351123,DBIT,EBVIVNVN,1354500.,2022-11-25,ACSP,AUTH
0200452999112508180120228ef5351125,DBIT,EBVIVNVN,400000.,2022-11-25,ACSP,AUTH
020045299911250818032022ab48351131,DBIT,EBVIVNVN,2000000.,2022-11-25,ACSP,AUTH
020045299911250818052022a7d4351096,DBIT,EBVIVNVN,20000000.,2022-11-25,ACSP,AUTH
02004529991125081805202262f1351134,DBIT,EBVIVNVN,2000000.,2022-11-25,ACSP,AUTH
0200452999112508184820223a4b991567,DBIT,EBVIVNVN,2000000.,2022-11-25,ACSP,AUTH
02004529991125081850202272b6991486,DBIT,EBVIVNVN,200000.,2022-11-25,ACSP,AUTH
020045299911250818102022f6cb351142,DBIT,EBVIVNVN,11000.,2022-11-25,ACSP,AUTH
020045299911250818112022f2b7351138,DBIT,EBVIVNVN,5500000.,2022-11-25,ACSP,AUTH
020045299911250818112022ede2351144,DBIT,EBVIVNVN,160000000.,2022-11-25,ACSP,AUTH
020045299911250818172022608b351140,DBIT,EBVIVNVN,7000000.,2022-11-25,ACSP,AUTH
02004529991125081823202232ac351127,DBIT,EBVIVNVN,300000000.,2022-11-25,ACSP,AUTH
02004529991125081830202274f2351152,DBIT,EBVIVNVN,705000.,2022-11-25,ACSP,AUTH
020045299911250818342022a08b351158,DBIT,EBVIVNVN,1000000.,2022-11-25,ACSP,AUTH
020045299911250818362022e3a1351156,DBIT,EBVIVNVN,3000000.,2022-11-25,ACSP,AUTH
02004529991125081838202232bf351150,DBIT,EBVIVNVN,2000000.,2022-11-25,ACSP,AUTH
020045299911250818502022e3aa351168,DBIT,EBVIVNVN,20000000.,2022-11-25,ACSP,AUTH
020097041511250819212022hqpt430812,CRDT,ICBVVNVN,10000000.,2022-11-25,ACSP,AUTH
020045299911250818572022b779351172,DBIT,EBVIVNVN,1000000.,2022-11-25,ACSP,AUTH
0200452999112508194120229033991683,DBIT,EBVIVNVN,650000.,2022-11-25,ACSP,AUTH
020045299911250819512022bea4974813,DBIT,EBVIVNVN,60000000.,2022-11-25,ACSP,AUTH
020045299911250819522022a5e1991478,DBIT,EBVIVNVN,30000000.,2022-11-25,ACSP,AUTH
02004529991125081914202247f9351170,DBIT,EBVIVNVN,10500000.,2022-11-25,ACSP,AUTH
02004529991125081909202248bb351181,DBIT,EBVIVNVN,370000.,2022-11-25,ACSP,AUTH
020045299911250819152022c443351187,DBIT,EBVIVNVN,2730000.,2022-11-25,ACSP,AUTH
020045299911250819572022b429991731,DBIT,EBVIVNVN,407000.,2022-11-25,ACSP,AUTH
0200452999112508191820220632351183,DBIT,EBVIVNVN,700000.,2022-11-25,ACSP,AUTH
020045299911250819242022eba9351191,DBIT,EBVIVNVN,3560000.,2022-11-25,ACSP,AUTH
02004529991125081932202224ce351195,DBIT,EBVIVNVN,7790000.,2022-11-25,ACSP,AUTH
020045299911250819292022803b351185,DBIT,EBVIVNVN,4000000.,2022-11-25,ACSP,AUTH
0200452999112508193520226d6b351197,DBIT,EBVIVNVN,2000000.,2022-11-25,ACSP,AUTH
020045299911250819412022d2dc351202,DBIT,EBVIVNVN,4000000.,2022-11-25,ACSP,AUTH
020045299911250819412022c9f3351207,DBIT,EBVIVNVN,195000000.,2022-11-25,ACSP,AUTH
02004529991125081942202270de351205,DBIT,EBVIVNVN,53350000.,2022-11-25,ACSP,AUTH
0200452999112508194320226521351199,DBIT,EBVIVNVN,1800000.,2022-11-25,ACSP,AUTH
0200452999112508194820229649351210,DBIT,EBVIVNVN,1300000.,2022-11-25,ACSP,AUTH
020045299911250819542022926f351216,DBIT,EBVIVNVN,3000000.,2022-11-25,ACSP,AUTH
0200452999112508203820223ebb895618,DBIT,EBVIVNVN,25800000.,2022-11-25,ACSP,AUTH
0200452999112508203920220753991872,DBIT,EBVIVNVN,1889891.,2022-11-25,ACSP,AUTH
0200452999112508204320226cc2991885,DBIT,EBVIVNVN,500000.,2022-11-25,ACSP,AUTH
020045299911250820432022c217991845,DBIT,EBVIVNVN,500000.,2022-11-25,ACSP,AUTH
020045299911250820062022b04f351232,DBIT,EBVIVNVN,20000000.,2022-11-25,ACSP,AUTH
0200452999112508200320227e26351222,DBIT,EBVIVNVN,20000000.,2022-11-25,ACSP,AUTH
020045299911250820092022254d351230,DBIT,EBVIVNVN,10000000.,2022-11-25,ACSP,AUTH
02004529991125082007202279fb351236,DBIT,EBVIVNVN,500000.,2022-11-25,ACSP,AUTH
020045299911250820112022471c351240,DBIT,EBVIVNVN,45356000.,2022-11-25,ACSP,AUTH
020045299911250820532022b9fc991870,DBIT,EBVIVNVN,400000.,2022-11-25,ACSP,AUTH
0200452999112508205420225e4a991868,DBIT,EBVIVNVN,130000.,2022-11-25,ACSP,AUTH
0200452999112508201820225c08351220,DBIT,EBVIVNVN,550000.,2022-11-25,ACSP,AUTH
020045299911250820232022d6c5351246,DBIT,EBVIVNVN,20000000.,2022-11-25,ACSP,AUTH
0200888899112508210220221001603222,CRDT,VTCBVNVN,7500000.,2022-11-25,ACSP,AUTH
020045299911250820332022cdad351249,DBIT,EBVIVNVN,500000.,2022-11-25,ACSP,AUTH
020045299911250820352022e62b351251,DBIT,EBVIVNVN,1000000.,2022-11-25,ACSP,AUTH
02004529991125082128202222a0992021,DBIT,EBVIVNVN,5890000.,2022-11-25,ACSP,AUTH
0200452999112508084920222cdf930146,DBIT,EBVIVNVN,200000000.,2022-11-25,ACSP,AUTH
0200452999112508213920223c97991998,DBIT,EBVIVNVN,500000.,2022-11-25,ACSP,AUTH
0200452999112508210120227120351268,DBIT,EBVIVNVN,3000000.,2022-11-25,ACSP,AUTH
020045299911250820572022dc3a351265,DBIT,EBVIVNVN,500000.,2022-11-25,ACSP,AUTH
0200452999112508214820225de5992053,DBIT,EBVIVNVN,2300000.,2022-11-25,ACSP,AUTH
020045299911250821072022e083351270,DBIT,EBVIVNVN,450000000.,2022-11-25,ACSP,AUTH
020045299911250821502022e172992020,DBIT,EBVIVNVN,500000.,2022-11-25,ACSP,AUTH
020045299911250821152022e772351280,DBIT,EBVIVNVN,30000000.,2022-11-25,ACSP,AUTH
0200452999112508211620228573351274,DBIT,EBVIVNVN,525000.,2022-11-25,ACSP,AUTH
0200452999112508211920222644351278,DBIT,EBVIVNVN,40000.,2022-11-25,ACSP,AUTH
0200452999112508212520223244351285,DBIT,EBVIVNVN,8990000.,2022-11-25,ACSP,AUTH
0200452999112508212620223277351287,DBIT,EBVIVNVN,1250000.,2022-11-25,ACSP,AUTH
02004529991125082130202279a0351289,DBIT,EBVIVNVN,10000000.,2022-11-25,ACSP,AUTH
02004529991125082213202229f4992175,DBIT,EBVIVNVN,240000.,2022-11-25,ACSP,AUTH
0200452999112508213520227c2c351293,DBIT,EBVIVNVN,499999999.,2022-11-25,ACSP,AUTH
0200452999112508221720228f25992150,DBIT,EBVIVNVN,200000.,2022-11-25,ACSP,AUTH
020045299911250821462022e544351295,DBIT,EBVIVNVN,16000000.,2022-11-25,ACSP,AUTH
0200452999112508222820221aa5992187,DBIT,EBVIVNVN,5000000.,2022-11-25,ACSP,AUTH
0200452999112508215120226f5a351302,DBIT,EBVIVNVN,165641000.,2022-11-25,ACSP,AUTH
02004529991125082153202276cd351308,DBIT,EBVIVNVN,135000.,2022-11-25,ACSP,AUTH
020045299911250821562022ee75351304,DBIT,EBVIVNVN,1056000.,2022-11-25,ACSP,AUTH
020045299911250821572022e70e351306,DBIT,EBVIVNVN,2987000.,2022-11-25,ACSP,AUTH
0200452999112508223920224ff2992201,DBIT,EBVIVNVN,500000.,2022-11-25,ACSP,AUTH
020045299911250822072022fd78351315,DBIT,EBVIVNVN,6220000.,2022-11-25,ACSP,AUTH
020045299911250822102022a7cb351310,DBIT,EBVIVNVN,840000.,2022-11-25,ACSP,AUTH
020045299911250822562022a68e992322,DBIT,EBVIVNVN,2364000.,2022-11-25,ACSP,AUTH
020045299911250822152022a45f351321,DBIT,EBVIVNVN,63600003.,2022-11-25,ACSP,AUTH
02004529991125082217202242a2351323,DBIT,EBVIVNVN,370000.,2022-11-25,ACSP,AUTH
02004529991125082258202202a4992135,DBIT,EBVIVNVN,3000000.,2022-11-25,ACSP,AUTH
02004529991125082220202232e0351327,DBIT,EBVIVNVN,100000.,2022-11-25,ACSP,AUTH
020045299911250823072022f61f992311,DBIT,EBVIVNVN,3000000.,2022-11-25,ACSP,AUTH
0200452999112508222920223240351331,DBIT,EBVIVNVN,2250000.,2022-11-25,ACSP,AUTH
02004529991125082243202233e2351329,DBIT,EBVIVNVN,83500000.,2022-11-25,ACSP,AUTH
020045299911250822442022fe1e351338,DBIT,EBVIVNVN,7000000.,2022-11-25,ACSP,AUTH
020045299911250823312022ccd8992381,DBIT,EBVIVNVN,700000.,2022-11-25,ACSP,AUTH
020045299911250823322022b657992361,DBIT,EBVIVNVN,2000000.,2022-11-25,ACSP,AUTH
0200452999112508233620229dea992384,DBIT,EBVIVNVN,1361111.,2022-11-25,ACSP,AUTH
0200452999112508230420221218351343,DBIT,EBVIVNVN,10000000.,2022-11-25,ACSP,AUTH
020045299911250823102022754a351345,DBIT,EBVIVNVN,10774000.,2022-11-25,ACSP,AUTH
0200452999112508235720221e26992476,DBIT,EBVIVNVN,1000000.,2022-11-25,ACSP,AUTH
0200452999112508240320228d7a992561,DBIT,EBVIVNVN,1000000.,2022-11-25,ACSP,AUTH
0200452999112508232520221bc0351358,DBIT,EBVIVNVN,500000.,2022-11-25,ACSP,AUTH
020045299911250823222022297e351347,DBIT,EBVIVNVN,64000.,2022-11-25,ACSP,AUTH
0200452999112508232920229bf7351360,DBIT,EBVIVNVN,50000000.,2022-11-25,ACSP,AUTH
0200452999112508232820225161351363,DBIT,EBVIVNVN,310000.,2022-11-25,ACSP,AUTH
0200452999112508241020227814992030,DBIT,EBVIVNVN,66540000.,2022-11-25,ACSP,AUTH
020045299911250824132022198b992545,DBIT,EBVIVNVN,231000.,2022-11-25,ACSP,AUTH
020045299911250824182022b77c992531,DBIT,EBVIVNVN,400000.,2022-11-25,ACSP,AUTH
0200452999112508242020226a89992620,DBIT,EBVIVNVN,218500.,2022-11-25,ACSP,AUTH
020045299911250823422022552f351367,DBIT,EBVIVNVN,1000000.,2022-11-25,ACSP,AUTH
0200452999112508234420224c14351373,DBIT,EBVIVNVN,150000.,2022-11-25,ACSP,AUTH
02004529991125082345202205aa351375,DBIT,EBVIVNVN,26000000.,2022-11-25,ACSP,AUTH
020045299911250824352022f9b3992616,DBIT,EBVIVNVN,8000000.,2022-11-25,ACSP,AUTH
020045299911250823582022c232351384,DBIT,EBVIVNVN,65000000.,2022-11-25,ACSP,AUTH
020045299911250824042022d785351371,DBIT,EBVIVNVN,1500000.,2022-11-25,ACSP,AUTH
020045299911250824082022286e351397,DBIT,EBVIVNVN,404000000.,2022-11-25,ACSP,AUTH
020045299911250824072022dc34351401,DBIT,EBVIVNVN,125000.,2022-11-25,ACSP,AUTH
020045299911250824082022cc39351399,DBIT,EBVIVNVN,43000.,2022-11-25,ACSP,AUTH
0200452999112508241420229215351395,DBIT,EBVIVNVN,52200000.,2022-11-25,ACSP,AUTH
02004529991125082457202245e6992707,DBIT,EBVIVNVN,200000.,2022-11-25,ACSP,AUTH
020045299911250824112022a08c351403,DBIT,EBVIVNVN,235000.,2022-11-25,ACSP,AUTH
020045299911250824582022c91e992700,DBIT,EBVIVNVN,100000.,2022-11-25,ACSP,AUTH
0200452999112508250720221ba1992780,DBIT,EBVIVNVN,1000000.,2022-11-25,ACSP,AUTH
0200452999112508242620226faf351407,DBIT,EBVIVNVN,1000000.,2022-11-25,ACSP,AUTH
020045299911250824342022ba6d351418,DBIT,EBVIVNVN,180000.,2022-11-25,ACSP,AUTH
0200452999112508243420220c28351420,DBIT,EBVIVNVN,300000000.,2022-11-25,ACSP,AUTH
0200452999112508243620226c8a351422,DBIT,EBVIVNVN,3000000.,2022-11-25,ACSP,AUTH
0200452999112508244020222057351425,DBIT,EBVIVNVN,2500000.,2022-11-25,ACSP,AUTH
0200452999112508244220229826351405,DBIT,EBVIVNVN,900000.,2022-11-25,ACSP,AUTH
020045299911250824432022efab351427,DBIT,EBVIVNVN,300000.,2022-11-25,ACSP,AUTH
020045299911250825252022954e992848,DBIT,EBVIVNVN,30483000.,2022-11-25,ACSP,AUTH
0200452999112508252720221588992857,DBIT,EBVIVNVN,5000000.,2022-11-25,ACSP,AUTH
020045299911250825302022748c992827,DBIT,EBVIVNVN,550000.,2022-11-25,ACSP,AUTH
02004529991125082451202281d4351438,DBIT,EBVIVNVN,110000.,2022-11-25,ACSP,AUTH
020045299911250825342022d77d992538,DBIT,EBVIVNVN,173568248.,2022-11-25,ACSP,AUTH
0200452999112508253820229d1d992834,DBIT,EBVIVNVN,100000000.,2022-11-25,ACSP,AUTH
0200452999112508250120220410351442,DBIT,EBVIVNVN,780000.,2022-11-25,ACSP,AUTH
02004529991125082503202280ea351444,DBIT,EBVIVNVN,1000000.,2022-11-25,ACSP,AUTH
020045299911250825052022e159351446,DBIT,EBVIVNVN,500000.,2022-11-25,ACSP,AUTH
0200452999112508254620222f0e992833,DBIT,EBVIVNVN,400000000.,2022-11-25,ACSP,AUTH
0200452999112508250620227990351448,DBIT,EBVIVNVN,2000000.,2022-11-25,ACSP,AUTH
020045299911250825462022e5ad991387,DBIT,EBVIVNVN,480000000.,2022-11-25,ACSP,AUTH
0200452999112508255020220dee992938,DBIT,EBVIVNVN,10000000.,2022-11-25,ACSP,AUTH
020045299911250825532022a252992886,DBIT,EBVIVNVN,4537500.,2022-11-25,ACSP,AUTH
02004529991125082518202205c7351450,DBIT,EBVIVNVN,50000.,2022-11-25,ACSP,AUTH
020045299911250825252022280c351436,DBIT,EBVIVNVN,1030000.,2022-11-25,ACSP,AUTH
020045299911250826032022e255992966,DBIT,EBVIVNVN,18100000.,2022-11-25,ACSP,AUTH
0200452999112508253020224622351465,DBIT,EBVIVNVN,30000000.,2022-11-25,ACSP,AUTH
020045299911250826112022991b992967,DBIT,EBVIVNVN,4090000.,2022-11-25,ACSP,AUTH
02004529991125082618202214d1992973,DBIT,EBVIVNVN,250000.,2022-11-25,ACSP,AUTH
020045299911250826252022897d993010,DBIT,EBVIVNVN,300000000.,2022-11-25,ACSP,AUTH
020045299911250825492022976f351469,DBIT,EBVIVNVN,40000000.,2022-11-25,ACSP,AUTH
0200452999112508262720223a65991568,DBIT,EBVIVNVN,490000000.,2022-11-25,ACSP,AUTH
02004529991125082555202213a3351477,DBIT,EBVIVNVN,80000.,2022-11-25,ACSP,AUTH
0200452999112508263520224ebd993048,DBIT,EBVIVNVN,400000.,2022-11-25,ACSP,AUTH
020045299911250826372022f58e993051,DBIT,EBVIVNVN,200000.,2022-11-25,ACSP,AUTH
0200452999112508255920223bbd351481,DBIT,EBVIVNVN,2280000.,2022-11-25,ACSP,AUTH
020045299911250825592022beb1351479,DBIT,EBVIVNVN,860000.,2022-11-25,ACSP,AUTH
020045299911250826012022cb22351483,DBIT,EBVIVNVN,622000.,2022-11-25,ACSP,AUTH
02004529991125082650202234a2993118,DBIT,EBVIVNVN,200000.,2022-11-25,ACSP,AUTH
0200452999112508261220227764351489,DBIT,EBVIVNVN,110000.,2022-11-25,ACSP,AUTH
0200452999112508261820224edf351491,DBIT,EBVIVNVN,660000.,2022-11-25,ACSP,AUTH
0200452999112508262520224644351493,DBIT,EBVIVNVN,49000000.,2022-11-25,ACSP,AUTH
020045299911250827132022f81b993224,DBIT,EBVIVNVN,23000000.,2022-11-25,ACSP,AUTH
020045299911250827182022437e993196,DBIT,EBVIVNVN,100000000.,2022-11-25,ACSP,AUTH
02004529991125082719202249db993141,DBIT,EBVIVNVN,500000.,2022-11-25,ACSP,AUTH
02004529991125082722202219e3993203,DBIT,EBVIVNVN,1000000.,2022-11-25,ACSP,AUTH
020045299911250827442022736a993307,DBIT,EBVIVNVN,100000000.,2022-11-25,ACSP,AUTH
0200452999112508270920223551351495,DBIT,EBVIVNVN,215844418.,2022-11-25,ACSP,AUTH
0200452999112508275420225281993373,DBIT,EBVIVNVN,3000000.,2022-11-25,ACSP,AUTH
02004529991125082802202260cc993359,DBIT,EBVIVNVN,350000.,2022-11-25,ACSP,AUTH
0200452999112508272220220f6c351500,DBIT,EBVIVNVN,1000.,2022-11-25,ACSP,AUTH
020045299911250827262022a8ac351520,DBIT,EBVIVNVN,634000.,2022-11-25,ACSP,AUTH
02004529991125082727202235f5351524,DBIT,EBVIVNVN,100000.,2022-11-25,ACSP,AUTH
020045299911250828082022d8d3993379,DBIT,EBVIVNVN,300000.,2022-11-25,ACSP,AUTH
0200452999112508272820228d9b351509,DBIT,EBVIVNVN,2000000.,2022-11-25,ACSP,AUTH
020045299911250827292022c07f351518,DBIT,EBVIVNVN,24100000.,2022-11-25,ACSP,AUTH
02004529991125082810202231b9993383,DBIT,EBVIVNVN,40000000.,2022-11-25,ACSP,AUTH
020045299911250827262022738f351511,DBIT,EBVIVNVN,1000000.,2022-11-25,ACSP,AUTH
020045299911250827332022072c351513,DBIT,EBVIVNVN,100000.,2022-11-25,ACSP,AUTH
020045299911250827402022161e351527,DBIT,EBVIVNVN,4000000.,2022-11-25,ACSP,AUTH
020045299911250827422022e866351529,DBIT,EBVIVNVN,100000000.,2022-11-25,ACSP,AUTH
0200452999112508283320222390993476,DBIT,EBVIVNVN,80000000.,2022-11-25,ACSP,AUTH
0200452999112508283620226f93993520,DBIT,EBVIVNVN,1200000.,2022-11-25,ACSP,AUTH
020045299911250828342022caf9993514,DBIT,EBVIVNVN,3640000.,2022-11-25,ACSP,AUTH
020045299911250827552022a2f7351533,DBIT,EBVIVNVN,2800000.,2022-11-25,ACSP,AUTH
020045299911250828032022fad6351539,DBIT,EBVIVNVN,30000.,2022-11-25,ACSP,AUTH
0200452999112508284820223179993510,DBIT,EBVIVNVN,700000.,2022-11-25,ACSP,AUTH
020045299911250813512022aa93930153,DBIT,EBVIVNVN,2160000.,2022-11-25,ACSP,AUTH
02004529991125082817202248ab351537,DBIT,EBVIVNVN,5000000.,2022-11-25,ACSP,AUTH
020045299911250828222022ee94351545,DBIT,EBVIVNVN,1560000.,2022-11-25,ACSP,AUTH
02004529991125082908202298eb993620,DBIT,EBVIVNVN,4000000.,2022-11-25,ACSP,AUTH
0200888899112508290320221001602999,CRDT,VTCBVNVN,127210000.,2022-11-25,ACSP,AUTH
0200452999112508292620223fbf993685,DBIT,EBVIVNVN,5000000.,2022-11-25,ACSP,AUTH
0200452999112508292820228efd993631,DBIT,EBVIVNVN,2000000.,2022-11-25,ACSP,AUTH
02004529991125082929202200e4993667,DBIT,EBVIVNVN,54000000.,2022-11-25,ACSP,AUTH
0200452999112508293020225051993696,DBIT,EBVIVNVN,150000.,2022-11-25,ACSP,AUTH
020045299911250828512022c731351560,DBIT,EBVIVNVN,3200000.,2022-11-25,ACSP,AUTH
020045299911250828522022dd57351562,DBIT,EBVIVNVN,200000000.,2022-11-25,ACSP,AUTH
02004529991125082855202250d0351566,DBIT,EBVIVNVN,5225000.,2022-11-25,ACSP,AUTH
020045299911250829002022880b351564,DBIT,EBVIVNVN,4095000.,2022-11-25,ACSP,AUTH
0200452999112508290120224bd5351569,DBIT,EBVIVNVN,1500000.,2022-11-25,ACSP,AUTH
02004529991125082903202213f0351575,DBIT,EBVIVNVN,860000.,2022-11-25,ACSP,AUTH
02004529991125082906202293ac351577,DBIT,EBVIVNVN,200000.,2022-11-25,ACSP,AUTH
02004529991125082903202267ee351555,DBIT,EBVIVNVN,338000.,2022-11-25,ACSP,AUTH
020045299911250829502022a342993712,DBIT,EBVIVNVN,500000.,2022-11-25,ACSP,AUTH
0200452999112508295720229b69993717,DBIT,EBVIVNVN,28660000.,2022-11-25,ACSP,AUTH
020045299911250830052022c6df993822,DBIT,EBVIVNVN,1990000.,2022-11-25,ACSP,AUTH
0200452999112508292320228e84351580,DBIT,EBVIVNVN,13830000.,2022-11-25,ACSP,AUTH
020045299911250830082022c172993784,DBIT,EBVIVNVN,1700000.,2022-11-25,ACSP,AUTH
020045299911250830092022fc6f993681,DBIT,EBVIVNVN,500000.,2022-11-25,ACSP,AUTH
020045299911250829282022af62351584,DBIT,EBVIVNVN,2000000.,2022-11-25,ACSP,AUTH
020045299911250829342022340e351588,DBIT,EBVIVNVN,60000000.,2022-11-25,ACSP,AUTH
020045299911250829442022c834351591,DBIT,EBVIVNVN,300000.,2022-11-25,ACSP,AUTH
0200452999112508294520225d27351593,DBIT,EBVIVNVN,69600000.,2022-11-25,ACSP,AUTH
0200452999112508304320220eb4993426,DBIT,EBVIVNVN,3136257.,2022-11-25,ACSP,AUTH
0200452999112508300320226d09351595,DBIT,EBVIVNVN,4000000.,2022-11-25,ACSP,AUTH
020045299911250830472022840e992854,DBIT,EBVIVNVN,7064960.,2022-11-25,ACSP,AUTH
02004529991125083010202226a0351600,DBIT,EBVIVNVN,2000000.,2022-11-25,ACSP,AUTH
0200452999112508305420220c65993884,DBIT,EBVIVNVN,1930000.,2022-11-25,ACSP,AUTH
02004529991125083013202293c4351607,DBIT,EBVIVNVN,5000000.,2022-11-25,ACSP,AUTH
0200452999112508305820221d35993882,DBIT,EBVIVNVN,700000.,2022-11-25,ACSP,AUTH
0200452999112508302820222ccf351605,DBIT,EBVIVNVN,9670000.,2022-11-25,ACSP,AUTH
02004529991125083029202260e8351615,DBIT,EBVIVNVN,10000000.,2022-11-25,ACSP,AUTH
0200452999112508303120226041351613,DBIT,EBVIVNVN,47000000.,2022-11-25,ACSP,AUTH
0200452999112508311320227790993883,DBIT,EBVIVNVN,398000.,2022-11-25,ACSP,AUTH
020045299911250831132022eb06993879,DBIT,EBVIVNVN,150000000.,2022-11-25,ACSP,AUTH
020045299911250831222022cdf7993886,DBIT,EBVIVNVN,5000000.,2022-11-25,ACSP,AUTH
0200452999112508304220225041351619,DBIT,EBVIVNVN,19390000.,2022-11-25,ACSP,AUTH
0200452999112508304320222cdf351623,DBIT,EBVIVNVN,200000.,2022-11-25,ACSP,AUTH
02004529991125083044202255d8351625,DBIT,EBVIVNVN,200000.,2022-11-25,ACSP,AUTH
020045299911250830462022118c351627,DBIT,EBVIVNVN,18000000.,2022-11-25,ACSP,AUTH
02004529991125083049202264ce351621,DBIT,EBVIVNVN,54000000.,2022-11-25,ACSP,AUTH
020045299911250830552022eaed351638,DBIT,EBVIVNVN,35000000.,2022-11-25,ACSP,AUTH
020045299911250831002022a700351631,DBIT,EBVIVNVN,52385000.,2022-11-25,ACSP,AUTH
020045299911250831402022fdf6993888,DBIT,EBVIVNVN,970000.,2022-11-25,ACSP,AUTH
0200452999112508310320227588351629,DBIT,EBVIVNVN,180000.,2022-11-25,ACSP,AUTH
0200452999112508310320229866351636,DBIT,EBVIVNVN,450000.,2022-11-25,ACSP,AUTH
02004529991125083113202280ae351640,DBIT,EBVIVNVN,920000.,2022-11-25,ACSP,AUTH
0200452999112508315820229ffb993893,DBIT,EBVIVNVN,16060000.,2022-11-25,ACSP,AUTH
0200452999112508320820221bf7993890,DBIT,EBVIVNVN,200000.,2022-11-25,ACSP,AUTH
020045299911250831312022e857351654,DBIT,EBVIVNVN,14000000.,2022-11-25,ACSP,AUTH
020045299911250831312022ae0f351648,DBIT,EBVIVNVN,499999000.,2022-11-25,ACSP,AUTH
020097041511250831572022lFTn431158,CRDT,ICBVVNVN,312000.,2022-11-25,ACSP,AUTH
020045299911250832142022db58993894,DBIT,EBVIVNVN,240000.,2022-11-25,ACSP,AUTH
02004529991125082601202212a0930163,DBIT,EBVIVNVN,100000000.,2022-11-25,ACSP,AUTH
0200452999112508314220222abd351658,DBIT,EBVIVNVN,773000.,2022-11-25,ACSP,AUTH
02004529991125083146202219fb351663,DBIT,EBVIVNVN,50000000.,2022-11-25,ACSP,AUTH
020045299911250831552022202b351667,DBIT,EBVIVNVN,810000.,2022-11-25,ACSP,AUTH
020045299911250831532022b1d5351665,DBIT,EBVIVNVN,49640000.,2022-11-25,ACSP,AUTH
020045299911250831572022aa30351679,DBIT,EBVIVNVN,310000000.,2022-11-25,ACSP,AUTH
020045299911250831582022e160351675,DBIT,EBVIVNVN,15000000.,2022-11-25,ACSP,AUTH
02004529991125083159202253a4351677,DBIT,EBVIVNVN,38000000.,2022-11-25,ACSP,AUTH
02004529991125083200202286a3351681,DBIT,EBVIVNVN,230000.,2022-11-25,ACSP,AUTH
02004529991125083200202282b4351683,DBIT,EBVIVNVN,30000000.,2022-11-25,ACSP,AUTH
0200452999112508320220227d6e351687,DBIT,EBVIVNVN,40000.,2022-11-25,ACSP,AUTH
020045299911250832472022c813993902,DBIT,EBVIVNVN,10000000.,2022-11-25,ACSP,AUTH
0200452999112508324720223ee6993903,DBIT,EBVIVNVN,500000.,2022-11-25,ACSP,AUTH
02004529991125083210202233b1351690,DBIT,EBVIVNVN,1600000.,2022-11-25,ACSP,AUTH
0200452999112508325820225e7d993899,DBIT,EBVIVNVN,600000.,2022-11-25,ACSP,AUTH
0200452999112508321820226ef8351692,DBIT,EBVIVNVN,176000.,2022-11-25,ACSP,AUTH
020045299911250833002022ed4f993901,DBIT,EBVIVNVN,100000.,2022-11-25,ACSP,AUTH
0200452999112508322120223286351699,DBIT,EBVIVNVN,750000.,2022-11-25,ACSP,AUTH
0200452999112508322120220fff351701,DBIT,EBVIVNVN,50000000.,2022-11-25,ACSP,AUTH
02004529991125083226202214ca351706,DBIT,EBVIVNVN,9000000.,2022-11-25,ACSP,AUTH
02004529991125083227202272ca351704,DBIT,EBVIVNVN,3000000.,2022-11-25,ACSP,AUTH
020045299911250832342022b959351720,DBIT,EBVIVNVN,30000.,2022-11-25,ACSP,AUTH
0200452999112508331420223468993900,DBIT,EBVIVNVN,500000.,2022-11-25,ACSP,AUTH
020045299911250832392022e450351708,DBIT,EBVIVNVN,270000.,2022-11-25,ACSP,AUTH
02004529991125083245202268bb351730,DBIT,EBVIVNVN,1000000.,2022-11-25,ACSP,AUTH
020045299911250832502022cf64351732,DBIT,EBVIVNVN,10000000.,2022-11-25,ACSP,AUTH
020045299911250832512022ca45351712,DBIT,EBVIVNVN,300000.,2022-11-25,ACSP,AUTH
020045299911250832552022c517351736,DBIT,EBVIVNVN,6000000.,2022-11-25,ACSP,AUTH
020045299911250832552022f49e351714,DBIT,EBVIVNVN,100000000.,2022-11-25,ACSP,AUTH
02004529991125083256202276c3351740,DBIT,EBVIVNVN,1660000.,2022-11-25,ACSP,AUTH
020045299911250833392022fb60993905,DBIT,EBVIVNVN,200000.,2022-11-25,ACSP,AUTH
020045299911250833402022b631993897,DBIT,EBVIVNVN,26000000.,2022-11-25,ACSP,AUTH
020045299911250832592022ad16351738,DBIT,EBVIVNVN,100000000.,2022-11-25,ACSP,AUTH
020045299911250833012022d54c351728,DBIT,EBVIVNVN,20000000.,2022-11-25,ACSP,AUTH
020045299911250833092022816d351734,DBIT,EBVIVNVN,95000000.,2022-11-25,ACSP,AUTH
0200452999112508331320224f40351745,DBIT,EBVIVNVN,1500000.,2022-11-25,ACSP,AUTH
020045299911250834032022ea58993911,DBIT,EBVIVNVN,1200000.,2022-11-25,ACSP,AUTH
0200452999112508332320229303351752,DBIT,EBVIVNVN,550000.,2022-11-25,ACSP,AUTH
020045299911250833252022ad63351761,DBIT,EBVIVNVN,10000000.,2022-11-25,ACSP,AUTH
0200452999112508331820228ffe351750,DBIT,EBVIVNVN,80000.,2022-11-25,ACSP,AUTH
020045299911250834092022bd23993892,DBIT,EBVIVNVN,27736911.,2022-11-25,ACSP,AUTH
0200452999112508332920225d17351759,DBIT,EBVIVNVN,1000000.,2022-11-25,ACSP,AUTH
020045299911250833292022b010351763,DBIT,EBVIVNVN,48250000.,2022-11-25,ACSP,AUTH
020045299911250833302022d5e2351755,DBIT,EBVIVNVN,100000.,2022-11-25,ACSP,AUTH
0200452999112508333220227f34351716,DBIT,EBVIVNVN,500000.,2022-11-25,ACSP,AUTH
020045299911250833322022902a351757,DBIT,EBVIVNVN,18250000.,2022-11-25,ACSP,AUTH
0200452999112508333520221649351766,DBIT,EBVIVNVN,55000000.,2022-11-25,ACSP,AUTH
0200452999112508304820222750930167,DBIT,EBVIVNVN,200000000.,2022-11-25,ACSP,AUTH
0200452999112508334320229384351769,DBIT,EBVIVNVN,100000000.,2022-11-25,ACSP,AUTH
0200452999112508342620224e01993913,DBIT,EBVIVNVN,1000000.,2022-11-25,ACSP,AUTH
020045299911250833502022a8fd351777,DBIT,EBVIVNVN,3000000.,2022-11-25,ACSP,AUTH
0200981957112508340920226bzx000474,CRDT,VPBKVNVN,24078500.,2022-11-25,ACSP,AUTH
020045299911250833572022ecc9351775,DBIT,EBVIVNVN,14080000.,2022-11-25,ACSP,AUTH
020045299911250834502022aa2d993918,DBIT,EBVIVNVN,300000.,2022-11-25,ACSP,AUTH
0200452999112508345620228d8d993923,DBIT,EBVIVNVN,18000000.,2022-11-25,ACSP,AUTH
020045299911250834152022fba2351782,DBIT,EBVIVNVN,2000000.,2022-11-25,ACSP,AUTH
0200452999112508341920223834351786,DBIT,EBVIVNVN,757000.,2022-11-25,ACSP,AUTH
0200981957112508343920223a37000476,CRDT,VPBKVNVN,1763400.,2022-11-25,ACSP,AUTH
020045299911250834232022b40f351788,DBIT,EBVIVNVN,6000000.,2022-11-25,ACSP,AUTH
020045299911250834252022920e351790,DBIT,EBVIVNVN,400000.,2022-11-25,ACSP,AUTH
020045299911250835052022a523993920,DBIT,EBVIVNVN,200000.,2022-11-25,ACSP,AUTH
020045299911250834312022cb4b351800,DBIT,EBVIVNVN,1400000.,2022-11-25,ACSP,AUTH
020045299911250834322022c9b3351798,DBIT,EBVIVNVN,12000000.,2022-11-25,ACSP,AUTH
020045299911250835192022dbe0993925,DBIT,EBVIVNVN,200000.,2022-11-25,ACSP,AUTH
020045299911250834432022f163351802,DBIT,EBVIVNVN,19500000.,2022-11-25,ACSP,AUTH
0200452999112508344720227cac351812,DBIT,EBVIVNVN,600000.,2022-11-25,ACSP,AUTH
020045299911250834472022b1b2351794,DBIT,EBVIVNVN,200000.,2022-11-25,ACSP,AUTH
020045299911250834492022b53b351748,DBIT,EBVIVNVN,3020000.,2022-11-25,ACSP,AUTH
0200452999112508345220229431351816,DBIT,EBVIVNVN,3116000.,2022-11-25,ACSP,AUTH
020045299911250834572022b620351818,DBIT,EBVIVNVN,1050000.,2022-11-25,ACSP,AUTH
020045299911250835442022584c993932,DBIT,EBVIVNVN,2620000.,2022-11-25,ACSP,AUTH
020045299911250835452022e1f9993915,DBIT,EBVIVNVN,31500000.,2022-11-25,ACSP,AUTH
0200452999112520221120227654993935,DBIT,EBVIVNVN,1000000.,2022-11-25,ACSP,AUTH
0200452999112508360820221938993934,DBIT,EBVIVNVN,600000.,2022-11-25,ACSP,AUTH
0200452999112508361520220971993936,DBIT,EBVIVNVN,3500000.,2022-11-25,ACSP,AUTH
0200452999112508354220228b88351846,DBIT,EBVIVNVN,6500000.,2022-11-25,ACSP,AUTH
0200452999112508354720224a3d351844,DBIT,EBVIVNVN,100000.,2022-11-25,ACSP,AUTH
0200452999112508363220220072993939,DBIT,EBVIVNVN,200000.,2022-11-25,ACSP,AUTH
020045299911250835482022184f351840,DBIT,EBVIVNVN,5000000.,2022-11-25,ACSP,AUTH
02004529991125083553202293d1351848,DBIT,EBVIVNVN,200000.,2022-11-25,ACSP,AUTH
02004529991125083541202204ad351838,DBIT,EBVIVNVN,450000.,2022-11-25,ACSP,AUTH
020045299911250836002022ea3d351854,DBIT,EBVIVNVN,5000000.,2022-11-25,ACSP,AUTH
02004529991125083602202292f6351852,DBIT,EBVIVNVN,23000000.,2022-11-25,ACSP,AUTH
02004529991125083643202217fa993942,DBIT,EBVIVNVN,160000.,2022-11-25,ACSP,AUTH
020045299911250836012022e9ac351861,DBIT,EBVIVNVN,75000.,2022-11-25,ACSP,AUTH
020045299911250836062022e68c351856,DBIT,EBVIVNVN,100000.,2022-11-25,ACSP,AUTH
0200452999112508360820227615351863,DBIT,EBVIVNVN,200000.,2022-11-25,ACSP,AUTH
0200452999112508361020226631351865,DBIT,EBVIVNVN,20000000.,2022-11-25,ACSP,AUTH
020045299911250836512022cc27993940,DBIT,EBVIVNVN,2500000.,2022-11-25,ACSP,AUTH
020045299911250836532022468f993944,DBIT,EBVIVNVN,2000000.,2022-11-25,ACSP,AUTH
0200970416112508363320227854955111,CRDT,ASCBVNVN,17251920.,2022-11-25,ACSP,AUTH
0200452999112508361620221553351869,DBIT,EBVIVNVN,100000000.,2022-11-25,ACSP,AUTH
020045299911250836592022ef21993943,DBIT,EBVIVNVN,200000.,2022-11-25,ACSP,AUTH
0200452999112508362620225537351884,DBIT,EBVIVNVN,5000000.,2022-11-25,ACSP,AUTH
02004529991125083630202225e2351888,DBIT,EBVIVNVN,200000.,2022-11-25,ACSP,AUTH
02004529991125083631202264f4351892,DBIT,EBVIVNVN,1785000.,2022-11-25,ACSP,AUTH
020045299911250836342022485b351890,DBIT,EBVIVNVN,200000.,2022-11-25,ACSP,AUTH
0200452999112508363520227fba351894,DBIT,EBVIVNVN,200000.,2022-11-25,ACSP,AUTH
020045299911250837172022c757992692,DBIT,EBVIVNVN,183000000.,2022-11-25,ACSP,AUTH
0200452999112508364720223add351900,DBIT,EBVIVNVN,3790000.,2022-11-25,ACSP,AUTH
0200452999112508364820225b23351902,DBIT,EBVIVNVN,4000000.,2022-11-25,ACSP,AUTH
0200452999112508365020223ae9351904,DBIT,EBVIVNVN,1700000.,2022-11-25,ACSP,AUTH
020045299911250836512022da43351906,DBIT,EBVIVNVN,51000000.,2022-11-25,ACSP,AUTH
020045299911250837382022812f993951,DBIT,EBVIVNVN,6900000.,2022-11-25,ACSP,AUTH
020045299911250837402022066b993921,DBIT,EBVIVNVN,259872000.,2022-11-25,ACSP,AUTH
0200452999112508374220226a0d993907,DBIT,EBVIVNVN,300000000.,2022-11-25,ACSP,AUTH
0200452999112508374420229616993947,DBIT,EBVIVNVN,22000000.,2022-11-25,ACSP,AUTH
0200452999112508370320224a6d351911,DBIT,EBVIVNVN,2000000.,2022-11-25,ACSP,AUTH
0200452999112508374820223d10993950,DBIT,EBVIVNVN,2000000.,2022-11-25,ACSP,AUTH
020045299911250837132022e639351917,DBIT,EBVIVNVN,24100000.,2022-11-25,ACSP,AUTH
020045299911250837132022713e351886,DBIT,EBVIVNVN,300000.,2022-11-25,ACSP,AUTH
0200452999112508371620227651351920,DBIT,EBVIVNVN,750000.,2022-11-25,ACSP,AUTH
020045299911250838012022d439993955,DBIT,EBVIVNVN,2000000.,2022-11-25,ACSP,AUTH
0200452999112508372020223842351930,DBIT,EBVIVNVN,645000.,2022-11-25,ACSP,AUTH
020045299911250837212022cb89351928,DBIT,EBVIVNVN,30000000.,2022-11-25,ACSP,AUTH
0200452999112508380220220207993945,DBIT,EBVIVNVN,19407600.,2022-11-25,ACSP,AUTH
0200452999112508372220224f8f351926,DBIT,EBVIVNVN,700000.,2022-11-25,ACSP,AUTH
020045299911250837232022beee351932,DBIT,EBVIVNVN,1000000.,2022-11-25,ACSP,AUTH
0200452999112508372920224399351922,DBIT,EBVIVNVN,150000.,2022-11-25,ACSP,AUTH
020045299911250838132022ceb7993953,DBIT,EBVIVNVN,400000.,2022-11-25,ACSP,AUTH
0200452999112508373420221ed3351934,DBIT,EBVIVNVN,700000.,2022-11-25,ACSP,AUTH
02004529991125083736202252a6351938,DBIT,EBVIVNVN,500000.,2022-11-25,ACSP,AUTH
0200452999112508381820224c20993957,DBIT,EBVIVNVN,500000.,2022-11-25,ACSP,AUTH
020045299911250837352022276e351936,DBIT,EBVIVNVN,1000000.,2022-11-25,ACSP,AUTH
020045299911250837412022355d351945,DBIT,EBVIVNVN,25000000.,2022-11-25,ACSP,AUTH
020045299911250837412022795c351948,DBIT,EBVIVNVN,1300000.,2022-11-25,ACSP,AUTH
0200452999112508375420228005351955,DBIT,EBVIVNVN,50000.,2022-11-25,ACSP,AUTH
020045299911250837552022744a351957,DBIT,EBVIVNVN,110000.,2022-11-25,ACSP,AUTH
020045299911250838062022f22c351961,DBIT,EBVIVNVN,1400000.,2022-11-25,ACSP,AUTH
0200452999112508380620228136351966,DBIT,EBVIVNVN,6000000.,2022-11-25,ACSP,AUTH
0200888899112508383420221001603457,CRDT,VTCBVNVN,61050000.,2022-11-25,ACSP,AUTH
020045299911250838502022e890993961,DBIT,EBVIVNVN,161000000.,2022-11-25,ACSP,AUTH
020045299911250838182022c42c351970,DBIT,EBVIVNVN,1700000.,2022-11-25,ACSP,AUTH
0200452999112508382420226e96351973,DBIT,EBVIVNVN,500000.,2022-11-25,ACSP,AUTH
020045299911250839172022bab7989176,DBIT,EBVIVNVN,10000000.,2022-11-25,ACSP,AUTH
0200452999112508383420229ea7351977,DBIT,EBVIVNVN,1000000.,2022-11-25,ACSP,AUTH
020045299911250839212022a5ae989047,DBIT,EBVIVNVN,15000000.,2022-11-25,ACSP,AUTH
020045299911250839252022d7df993960,DBIT,EBVIVNVN,10000000.,2022-11-25,ACSP,AUTH
020045299911250839292022c988993970,DBIT,EBVIVNVN,400000.,2022-11-25,ACSP,AUTH
02004529991125083852202213f1351987,DBIT,EBVIVNVN,1000000.,2022-11-25,ACSP,AUTH
0200452999112508385420228c57351968,DBIT,EBVIVNVN,250000.,2022-11-25,ACSP,AUTH
020045299911250838552022247b351992,DBIT,EBVIVNVN,30000000.,2022-11-25,ACSP,AUTH
0200970415112508392520223QsG038207,CRDT,ICBVVNVN,11939000.,2022-11-25,ACSP,AUTH
020045299911250839062022d65d352000,DBIT,EBVIVNVN,3500000.,2022-11-25,ACSP,AUTH
020045299911250839472022cee6993973,DBIT,EBVIVNVN,210000000.,2022-11-25,ACSP,AUTH
0200452999112508391120225055351989,DBIT,EBVIVNVN,250000.,2022-11-25,ACSP,AUTH
020045299911250839162022441e352005,DBIT,EBVIVNVN,645000.,2022-11-25,ACSP,AUTH
02004529991125083917202283a0352007,DBIT,EBVIVNVN,30000000.,2022-11-25,ACSP,AUTH
020045299911250839592022af36993978,DBIT,EBVIVNVN,10000000.,2022-11-25,ACSP,AUTH
0200452999112508400020225c4a993974,DBIT,EBVIVNVN,350000.,2022-11-25,ACSP,AUTH
0200452999112508392220222308352012,DBIT,EBVIVNVN,400000.,2022-11-25,ACSP,AUTH
020045299911250839252022fe1f352016,DBIT,EBVIVNVN,320000.,2022-11-25,ACSP,AUTH
0200452999112508393720222ac5352010,DBIT,EBVIVNVN,1000000.,2022-11-25,ACSP,AUTH
020045299911250839382022e206352021,DBIT,EBVIVNVN,564000.,2022-11-25,ACSP,AUTH
020045299911250840262022219a993981,DBIT,EBVIVNVN,106330000.,2022-11-25,ACSP,AUTH
0200888899112508401520221001603418,CRDT,VTCBVNVN,1305000.,2022-11-25,ACSP,AUTH
02004529991125083952202288a6352025,DBIT,EBVIVNVN,1500000.,2022-11-25,ACSP,AUTH
020045299911250840482022af70993982,DBIT,EBVIVNVN,300000.,2022-11-25,ACSP,AUTH
0200452999112508405120228e66993986,DBIT,EBVIVNVN,280000.,2022-11-25,ACSP,AUTH
0200452999112508405320222791993984,DBIT,EBVIVNVN,300000.,2022-11-25,ACSP,AUTH
0200452999112508401920220374352027,DBIT,EBVIVNVN,3000000.,2022-11-25,ACSP,AUTH
0200452999112508403020223941352035,DBIT,EBVIVNVN,40000.,2022-11-25,ACSP,AUTH
020045299911250840312022fe26352033,DBIT,EBVIVNVN,1000000.,2022-11-25,ACSP,AUTH
020045299911250840372022b4e5352037,DBIT,EBVIVNVN,300000.,2022-11-25,ACSP,AUTH
020045299911250840402022f5e8352039,DBIT,EBVIVNVN,10000000.,2022-11-25,ACSP,AUTH
020045299911250841242022cc14993989,DBIT,EBVIVNVN,70000000.,2022-11-25,ACSP,AUTH
02004529991125084043202286a4352049,DBIT,EBVIVNVN,2500000.,2022-11-25,ACSP,AUTH
0200452999112508412620223a7d993985,DBIT,EBVIVNVN,400000000.,2022-11-25,ACSP,AUTH
0200452999112508413120225e7e993983,DBIT,EBVIVNVN,400000000.,2022-11-25,ACSP,AUTH
020045299911250841342022dbb5993979,DBIT,EBVIVNVN,400000000.,2022-11-25,ACSP,AUTH
02004529991125084054202256cf352031,DBIT,EBVIVNVN,40000.,2022-11-25,ACSP,AUTH
0200452999112508405520225d07352053,DBIT,EBVIVNVN,1550000.,2022-11-25,ACSP,AUTH
0200452999112508405420228005352051,DBIT,EBVIVNVN,505000.,2022-11-25,ACSP,AUTH
0200452999112508413720224d13993977,DBIT,EBVIVNVN,400000000.,2022-11-25,ACSP,AUTH
020045299911250841042022d195352057,DBIT,EBVIVNVN,1100000.,2022-11-25,ACSP,AUTH
02004529991125084144202224ac993996,DBIT,EBVIVNVN,200000.,2022-11-25,ACSP,AUTH
020045299911250841032022b06c352055,DBIT,EBVIVNVN,15000000.,2022-11-25,ACSP,AUTH
020045299911250841492022bd01993969,DBIT,EBVIVNVN,400000000.,2022-11-25,ACSP,AUTH
0200452999112508415620224dac993962,DBIT,EBVIVNVN,400000000.,2022-11-25,ACSP,AUTH
02004529991125084200202203ba993958,DBIT,EBVIVNVN,400000000.,2022-11-25,ACSP,AUTH
020045299911250841192022abdc352062,DBIT,EBVIVNVN,10000.,2022-11-25,ACSP,AUTH
0200452999112508420020227848993039,DBIT,EBVIVNVN,500000.,2022-11-25,ACSP,AUTH
020097041511250841352022y60P038217,CRDT,ICBVVNVN,62200000.,2022-11-25,ACSP,AUTH
020045299911250841192022698a352069,DBIT,EBVIVNVN,499999999.,2022-11-25,ACSP,AUTH
0200452999112508420420221e57993941,DBIT,EBVIVNVN,400000000.,2022-11-25,ACSP,AUTH
0200452999112508412420225428352075,DBIT,EBVIVNVN,155000.,2022-11-25,ACSP,AUTH
020045299911250842072022ea7b993966,DBIT,EBVIVNVN,57027726.,2022-11-25,ACSP,AUTH
020045299911250841252022fd76352073,DBIT,EBVIVNVN,700000.,2022-11-25,ACSP,AUTH
0200452999112508413020226c97352071,DBIT,EBVIVNVN,1000000.,2022-11-25,ACSP,AUTH
0200452999112508413720222dd8352080,DBIT,EBVIVNVN,6000000.,2022-11-25,ACSP,AUTH
02004529991125084221202264ed994001,DBIT,EBVIVNVN,1000000.,2022-11-25,ACSP,AUTH
020045299911250842222022d651994002,DBIT,EBVIVNVN,1200000.,2022-11-25,ACSP,AUTH
020045299911250841442022410b352077,DBIT,EBVIVNVN,10000.,2022-11-25,ACSP,AUTH
020045299911250841452022cf89352084,DBIT,EBVIVNVN,499999999.,2022-11-25,ACSP,AUTH
020045299911250842272022c722994003,DBIT,EBVIVNVN,200000.,2022-11-25,ACSP,AUTH
020045299911250842392022ce4e994006,DBIT,EBVIVNVN,5700000.,2022-11-25,ACSP,AUTH
0200452999112508415620221a37352090,DBIT,EBVIVNVN,50000000.,2022-11-25,ACSP,AUTH
02004529991125084159202229b7352092,DBIT,EBVIVNVN,10000000.,2022-11-25,ACSP,AUTH
0200452999112508420020222be3352086,DBIT,EBVIVNVN,2750000.,2022-11-25,ACSP,AUTH
020045299911250842012022762b352101,DBIT,EBVIVNVN,2500000.,2022-11-25,ACSP,AUTH
0200452999112508420420226e51352094,DBIT,EBVIVNVN,32650000.,2022-11-25,ACSP,AUTH
02004529991125084205202234d4352096,DBIT,EBVIVNVN,400000000.,2022-11-25,ACSP,AUTH
020045299911250842082022a09c352082,DBIT,EBVIVNVN,2000000.,2022-11-25,ACSP,AUTH
020045299911250842072022d27e352103,DBIT,EBVIVNVN,600000.,2022-11-25,ACSP,AUTH
0200452999112508420820222572352088,DBIT,EBVIVNVN,300000.,2022-11-25,ACSP,AUTH
020045299911250842542022c347993956,DBIT,EBVIVNVN,22000000.,2022-11-25,ACSP,AUTH
020045299911250842182022f44a352114,DBIT,EBVIVNVN,499999999.,2022-11-25,ACSP,AUTH
020045299911250843032022f3d1994009,DBIT,EBVIVNVN,1600000.,2022-11-25,ACSP,AUTH
020045299911250842232022d8ce352106,DBIT,EBVIVNVN,500000.,2022-11-25,ACSP,AUTH
0200452999112508431020225985994007,DBIT,EBVIVNVN,1000000.,2022-11-25,ACSP,AUTH
02004529991125084231202258d9352117,DBIT,EBVIVNVN,109200000.,2022-11-25,ACSP,AUTH
020045299911250842322022dece352109,DBIT,EBVIVNVN,1176000.,2022-11-25,ACSP,AUTH
020045299911250842322022e270352123,DBIT,EBVIVNVN,400000.,2022-11-25,ACSP,AUTH
02004529991125084242202229b3352128,DBIT,EBVIVNVN,3000000.,2022-11-25,ACSP,AUTH
020045299911250842452022e0f1352131,DBIT,EBVIVNVN,576000.,2022-11-25,ACSP,AUTH
0200452999112508432920225c49994013,DBIT,EBVIVNVN,4000000.,2022-11-25,ACSP,AUTH
0200452999112508424920227297352136,DBIT,EBVIVNVN,2500000.,2022-11-25,ACSP,AUTH
0200452999112508425420229e7f352140,DBIT,EBVIVNVN,5500000.,2022-11-25,ACSP,AUTH
020045299911250842532022c387352134,DBIT,EBVIVNVN,499999999.,2022-11-25,ACSP,AUTH
02004529991125084258202232d7352142,DBIT,EBVIVNVN,56000000.,2022-11-25,ACSP,AUTH
0200452999112508430020227227352144,DBIT,EBVIVNVN,11000000.,2022-11-25,ACSP,AUTH
0200452999112508430320222955352146,DBIT,EBVIVNVN,26600000.,2022-11-25,ACSP,AUTH
020045299911250843052022e63e352153,DBIT,EBVIVNVN,2000000.,2022-11-25,ACSP,AUTH
020045299911250843072022c390352149,DBIT,EBVIVNVN,2200000.,2022-11-25,ACSP,AUTH
0200452999112508430920225640352156,DBIT,EBVIVNVN,540000.,2022-11-25,ACSP,AUTH
0200452999112508431120229149352158,DBIT,EBVIVNVN,50000000.,2022-11-25,ACSP,AUTH
02004529991125084321202297a2352171,DBIT,EBVIVNVN,70000000.,2022-11-25,ACSP,AUTH
020045299911250844062022b96b994026,DBIT,EBVIVNVN,2010000.,2022-11-25,ACSP,AUTH
02004529991125084332202262fb352178,DBIT,EBVIVNVN,6500000.,2022-11-25,ACSP,AUTH
020045299911250843362022a250352163,DBIT,EBVIVNVN,7660000.,2022-11-25,ACSP,AUTH
020045299911250843372022cca2352183,DBIT,EBVIVNVN,499999999.,2022-11-25,ACSP,AUTH
0200452999112508433720222294352181,DBIT,EBVIVNVN,5000000.,2022-11-25,ACSP,AUTH
0200452999112508441920221f7b994023,DBIT,EBVIVNVN,300000.,2022-11-25,ACSP,AUTH
02004529991125084423202239c0994022,DBIT,EBVIVNVN,500000.,2022-11-25,ACSP,AUTH
02004529991125084339202280f6352185,DBIT,EBVIVNVN,8000000.,2022-11-25,ACSP,AUTH
02004529991125084346202252f5352161,DBIT,EBVIVNVN,18000000.,2022-11-25,ACSP,AUTH
020045299911250843492022c028352187,DBIT,EBVIVNVN,1223000.,2022-11-25,ACSP,AUTH
020045299911250843502022f1e9352191,DBIT,EBVIVNVN,400000.,2022-11-25,ACSP,AUTH
020045299911250844282022a1b4994032,DBIT,EBVIVNVN,22200000.,2022-11-25,ACSP,AUTH
02004529991125084433202226da994029,DBIT,EBVIVNVN,210000.,2022-11-25,ACSP,AUTH
020045299911250844312022d8dc994028,DBIT,EBVIVNVN,870000.,2022-11-25,ACSP,AUTH
020045299911250843572022a47d352193,DBIT,EBVIVNVN,10000000.,2022-11-25,ACSP,AUTH
020045299911250844102022be4c352202,DBIT,EBVIVNVN,499999999.,2022-11-25,ACSP,AUTH
0200452999112508155320227b19930158,DBIT,EBVIVNVN,66000000.,2022-11-25,ACSP,AUTH
020045299911250844192022a0f6352199,DBIT,EBVIVNVN,130000.,2022-11-25,ACSP,AUTH
0200452999112508442320225bc5352215,DBIT,EBVIVNVN,75000.,2022-11-25,ACSP,AUTH
020045299911250845052022082f994037,DBIT,EBVIVNVN,600000.,2022-11-25,ACSP,AUTH
020045299911250844262022a8f1352208,DBIT,EBVIVNVN,160000.,2022-11-25,ACSP,AUTH
02004529991125084428202268f3352210,DBIT,EBVIVNVN,11000000.,2022-11-25,ACSP,AUTH
020045299911250844362022ece2930181,DBIT,EBVIVNVN,300000000.,2022-11-25,ACSP,AUTH
020045299911250844312022df32352217,DBIT,EBVIVNVN,1280000.,2022-11-25,ACSP,AUTH
0200452999112508451320220bb4994038,DBIT,EBVIVNVN,500000.,2022-11-25,ACSP,AUTH
020045299911250844372022bf39352221,DBIT,EBVIVNVN,499999999.,2022-11-25,ACSP,AUTH
020045299911250844392022ca0a352219,DBIT,EBVIVNVN,30000000.,2022-11-25,ACSP,AUTH
02004529991125084445202295bd352225,DBIT,EBVIVNVN,10000000.,2022-11-25,ACSP,AUTH
020045299911250844482022d50a352223,DBIT,EBVIVNVN,3640000.,2022-11-25,ACSP,AUTH
0200452999112508445020226775352229,DBIT,EBVIVNVN,370000.,2022-11-25,ACSP,AUTH
0200452999112508445020224102352231,DBIT,EBVIVNVN,2500000.,2022-11-25,ACSP,AUTH
020045299911250845072022b06c352239,DBIT,EBVIVNVN,499999999.,2022-11-25,ACSP,AUTH
020045299911250845482022138f994043,DBIT,EBVIVNVN,2300000.,2022-11-25,ACSP,AUTH
0200452999112508450320227824352235,DBIT,EBVIVNVN,20500000.,2022-11-25,ACSP,AUTH
020045299911250845502022bde2994042,DBIT,EBVIVNVN,500000.,2022-11-25,ACSP,AUTH
0200452999112508451220224654352233,DBIT,EBVIVNVN,4000000.,2022-11-25,ACSP,AUTH
020045299911250845142022b2a5352241,DBIT,EBVIVNVN,499999000.,2022-11-25,ACSP,AUTH
020045299911250845162022ae4d352245,DBIT,EBVIVNVN,150000000.,2022-11-25,ACSP,AUTH
0200452999112508451720220860352248,DBIT,EBVIVNVN,5500000.,2022-11-25,ACSP,AUTH
0200452999112508460220226897994048,DBIT,EBVIVNVN,1000000.,2022-11-25,ACSP,AUTH
0200452999112508452020223924352250,DBIT,EBVIVNVN,30000000.,2022-11-25,ACSP,AUTH
020045299911250845302022f650352257,DBIT,EBVIVNVN,500000.,2022-11-25,ACSP,AUTH
0200452999112508453320228aad352260,DBIT,EBVIVNVN,499999999.,2022-11-25,ACSP,AUTH
020045299911250845372022ef06352243,DBIT,EBVIVNVN,14500000.,2022-11-25,ACSP,AUTH
020045299911250846202022670a994051,DBIT,EBVIVNVN,600000.,2022-11-25,ACSP,AUTH
020045299911250846212022c8cf985841,DBIT,EBVIVNVN,756000.,2022-11-25,ACSP,AUTH
020045299911250846252022b658994052,DBIT,EBVIVNVN,2500000.,2022-11-25,ACSP,AUTH
020045299911250846282022f10b994054,DBIT,EBVIVNVN,500000.,2022-11-25,ACSP,AUTH
0200452999112508454820224de1352254,DBIT,EBVIVNVN,40000000.,2022-11-25,ACSP,AUTH
0200452999112508454820224bdb352264,DBIT,EBVIVNVN,2000000.,2022-11-25,ACSP,AUTH
020045299911250846392022af2e994055,DBIT,EBVIVNVN,200000.,2022-11-25,ACSP,AUTH
0200452999112508464520228f11994018,DBIT,EBVIVNVN,365344000.,2022-11-25,ACSP,AUTH
020045299911250846132022b71f352280,DBIT,EBVIVNVN,5000000.,2022-11-25,ACSP,AUTH
020045299911250846132022ef1c352284,DBIT,EBVIVNVN,499999999.,2022-11-25,ACSP,AUTH
0200452999112508465820225c14994066,DBIT,EBVIVNVN,2781154.,2022-11-25,ACSP,AUTH
02004529991125084659202258a6993988,DBIT,EBVIVNVN,4580000.,2022-11-25,ACSP,AUTH
020045299911250847002022e528993993,DBIT,EBVIVNVN,24800000.,2022-11-25,ACSP,AUTH
0200452999112508462220221b34352288,DBIT,EBVIVNVN,27000000.,2022-11-25,ACSP,AUTH
020045299911250846222022c669352286,DBIT,EBVIVNVN,2000000.,2022-11-25,ACSP,AUTH
020045299911250846192022d78e352282,DBIT,EBVIVNVN,950000.,2022-11-25,ACSP,AUTH
02004529991125084704202219b3994058,DBIT,EBVIVNVN,900000.,2022-11-25,ACSP,AUTH
020045299911250847032022aebb994061,DBIT,EBVIVNVN,5000000.,2022-11-25,ACSP,AUTH
020045299911250847032022a6e9993980,DBIT,EBVIVNVN,28435000.,2022-11-25,ACSP,AUTH
02004529991125084709202254fd994063,DBIT,EBVIVNVN,200000.,2022-11-25,ACSP,AUTH
020045299911250847112022375c994067,DBIT,EBVIVNVN,55000000.,2022-11-25,ACSP,AUTH
0200452999112508463220222203352292,DBIT,EBVIVNVN,1000000.,2022-11-25,ACSP,AUTH
0200452999112508471620226138546049,DBIT,EBVIVNVN,237990501.,2022-11-25,ACSP,AUTH
020045299911250847172022c561993930,DBIT,EBVIVNVN,1430000.,2022-11-25,ACSP,AUTH
020045299911250846392022a598352290,DBIT,EBVIVNVN,499999999.,2022-11-25,ACSP,AUTH
0200452999112508472020223760994068,DBIT,EBVIVNVN,400000.,2022-11-25,ACSP,AUTH
020045299911250846402022333b352300,DBIT,EBVIVNVN,180000.,2022-11-25,ACSP,AUTH
02004529991125084641202274b1352302,DBIT,EBVIVNVN,2000000.,2022-11-25,ACSP,AUTH
02004529991125084642202232b8352298,DBIT,EBVIVNVN,60000.,2022-11-25,ACSP,AUTH
02004529991125084727202241fc993909,DBIT,EBVIVNVN,1310000.,2022-11-25,ACSP,AUTH
02004529991125084727202299d5986071,DBIT,EBVIVNVN,864000.,2022-11-25,ACSP,AUTH
020045299911250846472022f04f352296,DBIT,EBVIVNVN,1250000.,2022-11-25,ACSP,AUTH
020045299911250846502022b878352304,DBIT,EBVIVNVN,140000.,2022-11-25,ACSP,AUTH
0200452999112508465520224c5f352308,DBIT,EBVIVNVN,6000000.,2022-11-25,ACSP,AUTH
020045299911250846572022b87c352313,DBIT,EBVIVNVN,25000000.,2022-11-25,ACSP,AUTH
0200452999112508473820227927994069,DBIT,EBVIVNVN,800000.,2022-11-25,ACSP,AUTH
0200452999112508474520224bce993898,DBIT,EBVIVNVN,2871000.,2022-11-25,ACSP,AUTH
020045299911250847482022d087994076,DBIT,EBVIVNVN,750000.,2022-11-25,ACSP,AUTH
0200452999112508474920221a47994073,DBIT,EBVIVNVN,1100000.,2022-11-25,ACSP,AUTH
020045299911250847152022ea89352315,DBIT,EBVIVNVN,16000000.,2022-11-25,ACSP,AUTH
0200452999112508475920222293994079,DBIT,EBVIVNVN,700000.,2022-11-25,ACSP,AUTH
02004529991125084759202202bc994059,DBIT,EBVIVNVN,107850000.,2022-11-25,ACSP,AUTH
020045299911250847202022e4e4352321,DBIT,EBVIVNVN,590000.,2022-11-25,ACSP,AUTH
0200452999112508472220225b85352323,DBIT,EBVIVNVN,100000000.,2022-11-25,ACSP,AUTH
020045299911250847222022d72e352325,DBIT,EBVIVNVN,1110000.,2022-11-25,ACSP,AUTH
0200452999112508471320224e18352319,DBIT,EBVIVNVN,30000.,2022-11-25,ACSP,AUTH
02004529991125084726202262eb352327,DBIT,EBVIVNVN,16000000.,2022-11-25,ACSP,AUTH
020045299911250847272022ab57352330,DBIT,EBVIVNVN,280000.,2022-11-25,ACSP,AUTH
0200888899112508475220221001603526,CRDT,VTCBVNVN,450000000.,2022-11-25,ACSP,AUTH
0200452999112508473220224fba352336,DBIT,EBVIVNVN,930000.,2022-11-25,ACSP,AUTH
0200452999112508481420222998994046,DBIT,EBVIVNVN,12757204.,2022-11-25,ACSP,AUTH
0200452999112508481520228d0c994085,DBIT,EBVIVNVN,10000000.,2022-11-25,ACSP,AUTH
0200452999112508481620224e6c994072,DBIT,EBVIVNVN,499999999.,2022-11-25,ACSP,AUTH
020045299911250847382022ed5f352334,DBIT,EBVIVNVN,190000.,2022-11-25,ACSP,AUTH
0200452999112508481920229a8d994083,DBIT,EBVIVNVN,100000000.,2022-11-25,ACSP,AUTH
020045299911250848262022ba7e994090,DBIT,EBVIVNVN,8052000.,2022-11-25,ACSP,AUTH
0200452999112508474520220b70352340,DBIT,EBVIVNVN,1000000.,2022-11-25,ACSP,AUTH
0200452999112508482620224f7f994074,DBIT,EBVIVNVN,112524000.,2022-11-25,ACSP,AUTH
020045299911250847482022b25c352342,DBIT,EBVIVNVN,380000.,2022-11-25,ACSP,AUTH
02004529991125084752202214aa352347,DBIT,EBVIVNVN,499999999.,2022-11-25,ACSP,AUTH
0200452999112508483620226d51994086,DBIT,EBVIVNVN,200000.,2022-11-25,ACSP,AUTH
020045299911250847572022583c352345,DBIT,EBVIVNVN,5000000.,2022-11-25,ACSP,AUTH
0200452999112508483920228e49994089,DBIT,EBVIVNVN,600000.,2022-11-25,ACSP,AUTH
0200452999112508480420227175352353,DBIT,EBVIVNVN,2190000.,2022-11-25,ACSP,AUTH
0200452999112508481520224dad352358,DBIT,EBVIVNVN,225000.,2022-11-25,ACSP,AUTH
020045299911250847592022dd44352351,DBIT,EBVIVNVN,200000.,2022-11-25,ACSP,AUTH
020045299911250848202022ebd5352360,DBIT,EBVIVNVN,500000.,2022-11-25,ACSP,AUTH
0200452999112508490320222a90994095,DBIT,EBVIVNVN,600000.,2022-11-25,ACSP,AUTH
020045299911250849022022e1e3994098,DBIT,EBVIVNVN,1955000.,2022-11-25,ACSP,AUTH
020045299911250848232022ba06352366,DBIT,EBVIVNVN,95000.,2022-11-25,ACSP,AUTH
02004529991125084349202291f3930179,DBIT,EBVIVNVN,14990000.,2022-11-25,ACSP,AUTH
0200452999112508491720221bf2994093,DBIT,EBVIVNVN,150000.,2022-11-25,ACSP,AUTH
0200452999112508492020229daf994099,DBIT,EBVIVNVN,200000.,2022-11-25,ACSP,AUTH
0200452999112508484020220c91352372,DBIT,EBVIVNVN,10692000.,2022-11-25,ACSP,AUTH
0200452999112508493020223f76994102,DBIT,EBVIVNVN,90000000.,2022-11-25,ACSP,AUTH
0200452999112508485620224f80352380,DBIT,EBVIVNVN,499999999.,2022-11-25,ACSP,AUTH
0200452999112508485620229f36352382,DBIT,EBVIVNVN,450000.,2022-11-25,ACSP,AUTH
020045299911250849482022f5ac994094,DBIT,EBVIVNVN,20000000.,2022-11-25,ACSP,AUTH
020045299911250849102022d0b6352386,DBIT,EBVIVNVN,7000000.,2022-11-25,ACSP,AUTH
020045299911250849092022b582352384,DBIT,EBVIVNVN,617000.,2022-11-25,ACSP,AUTH
02004529991125084915202268e3352392,DBIT,EBVIVNVN,500000.,2022-11-25,ACSP,AUTH
02004529991125084957202221fa994062,DBIT,EBVIVNVN,125658000.,2022-11-25,ACSP,AUTH
0200452999112508492020220de1352402,DBIT,EBVIVNVN,1725000.,2022-11-25,ACSP,AUTH
020045299911250849192022a76c352388,DBIT,EBVIVNVN,1100000.,2022-11-25,ACSP,AUTH
0200452999112508500420226658994111,DBIT,EBVIVNVN,300000.,2022-11-25,ACSP,AUTH
020045299911250850052022aa7e994114,DBIT,EBVIVNVN,4000000.,2022-11-25,ACSP,AUTH
02004529991125085005202285f2994107,DBIT,EBVIVNVN,200000.,2022-11-25,ACSP,AUTH
020045299911250850092022fd43994113,DBIT,EBVIVNVN,1600000.,2022-11-25,ACSP,AUTH
02004529991125084928202221c7352404,DBIT,EBVIVNVN,1480000.,2022-11-25,ACSP,AUTH
02004529991125085011202287d2994118,DBIT,EBVIVNVN,5000000.,2022-11-25,ACSP,AUTH
0200452999112508502020221ce0994117,DBIT,EBVIVNVN,95000000.,2022-11-25,ACSP,AUTH
0200452999112508493420221aba352400,DBIT,EBVIVNVN,450000.,2022-11-25,ACSP,AUTH
020045299911250850212022412c994116,DBIT,EBVIVNVN,1600000.,2022-11-25,ACSP,AUTH
020045299911250849482022bddd352419,DBIT,EBVIVNVN,110000.,2022-11-25,ACSP,AUTH
02004529991125084954202217b1352423,DBIT,EBVIVNVN,499999999.,2022-11-25,ACSP,AUTH
020045299911250849552022fbd5352421,DBIT,EBVIVNVN,25000000.,2022-11-25,ACSP,AUTH
020045299911250850322022815a994036,DBIT,EBVIVNVN,293021625.,2022-11-25,ACSP,AUTH
02004529991125085039202273d9994121,DBIT,EBVIVNVN,1120000.,2022-11-25,ACSP,AUTH
020045299911250850012022ca24352416,DBIT,EBVIVNVN,2538000.,2022-11-25,ACSP,AUTH
020045299911250850452022f02b994119,DBIT,EBVIVNVN,10000000.,2022-11-25,ACSP,AUTH
020045299911250850082022f37c352435,DBIT,EBVIVNVN,70000000.,2022-11-25,ACSP,AUTH
020045299911250850102022e57a352433,DBIT,EBVIVNVN,3600000.,2022-11-25,ACSP,AUTH
020045299911250850102022b208352431,DBIT,EBVIVNVN,1520000.,2022-11-25,RJCT,NAUT
0200452999112508505320221801994103,DBIT,EBVIVNVN,6003974.,2022-11-25,ACSP,AUTH
02004529991125085056202219cf994120,DBIT,EBVIVNVN,500000.,2022-11-25,ACSP,AUTH
02004529991125085017202210a8352440,DBIT,EBVIVNVN,570000.,2022-11-25,ACSP,AUTH
0200452999112508510020225390994122,DBIT,EBVIVNVN,500000.,2022-11-25,ACSP,AUTH
02004529991125085021202219a5352438,DBIT,EBVIVNVN,300000.,2022-11-25,ACSP,AUTH
020045299911250851042022ac21994129,DBIT,EBVIVNVN,1200000.,2022-11-25,ACSP,AUTH
0200452999112508502520229524352445,DBIT,EBVIVNVN,146000.,2022-11-25,ACSP,AUTH
020045299911250850282022a562352427,DBIT,EBVIVNVN,600000.,2022-11-25,ACSP,AUTH
020045299911250851092022a519994123,DBIT,EBVIVNVN,2000000.,2022-11-25,ACSP,AUTH
020045299911250850292022e368352449,DBIT,EBVIVNVN,75000000.,2022-11-25,ACSP,AUTH
02004529991125085032202201d0352456,DBIT,EBVIVNVN,99500000.,2022-11-25,ACSP,AUTH
0200452999112508511020223748994131,DBIT,EBVIVNVN,4600000.,2022-11-25,ACSP,AUTH
020045299911250850392022404e352459,DBIT,EBVIVNVN,10000000.,2022-11-25,ACSP,AUTH
0200452999112508503820225ea0352453,DBIT,EBVIVNVN,900000.,2022-11-25,ACSP,AUTH
0200452999112508512320221ded994136,DBIT,EBVIVNVN,450000.,2022-11-25,ACSP,AUTH
0200452999112508512420223f94994133,DBIT,EBVIVNVN,75000000.,2022-11-25,ACSP,AUTH
020045299911250850462022918a352461,DBIT,EBVIVNVN,28500000.,2022-11-25,ACSP,AUTH
0200452999112508513120222767994132,DBIT,EBVIVNVN,6000000.,2022-11-25,ACSP,AUTH
020045299911250850542022a697352465,DBIT,EBVIVNVN,400000000.,2022-11-25,ACSP,AUTH
020045299911250850542022b037352467,DBIT,EBVIVNVN,300000000.,2022-11-25,ACSP,AUTH
0200452999112508513520223156994126,DBIT,EBVIVNVN,700000.,2022-11-25,ACSP,AUTH
02004529991125085056202274d8352469,DBIT,EBVIVNVN,500000.,2022-11-25,ACSP,AUTH
0200452999112508505420227b5e352471,DBIT,EBVIVNVN,37000.,2022-11-25,ACSP,AUTH
0200452999112508510220225908352478,DBIT,EBVIVNVN,1725000.,2022-11-25,ACSP,AUTH
02004529991125084801202276af930184,DBIT,EBVIVNVN,30000000.,2022-11-25,ACSP,AUTH
020045299911250851092022c120352476,DBIT,EBVIVNVN,500000.,2022-11-25,ACSP,AUTH
0200452999112508511220226a0b352480,DBIT,EBVIVNVN,5000000.,2022-11-25,ACSP,AUTH
0200452999112508511320226260352484,DBIT,EBVIVNVN,213000.,2022-11-25,ACSP,AUTH
020045299911250851162022f7e3352487,DBIT,EBVIVNVN,12864000.,2022-11-25,ACSP,AUTH
020045299911250851222022cdba352490,DBIT,EBVIVNVN,12800000.,2022-11-25,ACSP,AUTH
020045299911250851242022cc9a352495,DBIT,EBVIVNVN,1000000.,2022-11-25,ACSP,AUTH
020045299911250852112022a31b990154,DBIT,EBVIVNVN,25000000.,2022-11-25,ACSP,AUTH
020045299911250852122022716d994140,DBIT,EBVIVNVN,5500000.,2022-11-25,ACSP,AUTH
0200452999112508513020227b5a352492,DBIT,EBVIVNVN,4700000.,2022-11-25,ACSP,AUTH
020045299911250852122022748e994141,DBIT,EBVIVNVN,200000.,2022-11-25,ACSP,AUTH
020045299911250851362022351c352503,DBIT,EBVIVNVN,56000.,2022-11-25,ACSP,AUTH
020045299911250851512022ee69352511,DBIT,EBVIVNVN,9500000.,2022-11-25,ACSP,AUTH
020045299911250851512022dbbb352509,DBIT,EBVIVNVN,10000000.,2022-11-25,ACSP,AUTH
020045299911250851482022956a352517,DBIT,EBVIVNVN,100000.,2022-11-25,ACSP,AUTH
0200452999112508515420221d9c352520,DBIT,EBVIVNVN,100000.,2022-11-25,ACSP,AUTH
0200452999112508523620220721994144,DBIT,EBVIVNVN,100000000.,2022-11-25,ACSP,AUTH
02004529991125085153202242af352515,DBIT,EBVIVNVN,50000000.,2022-11-25,ACSP,AUTH
02004529991125085156202237c0352522,DBIT,EBVIVNVN,10000000.,2022-11-25,ACSP,AUTH
0200452999112508524020223a00994143,DBIT,EBVIVNVN,600000.,2022-11-25,ACSP,AUTH
0200452999112508520320225b0b352524,DBIT,EBVIVNVN,2000000.,2022-11-25,ACSP,AUTH
0200452999112508524920228b89994142,DBIT,EBVIVNVN,980000.,2022-11-25,ACSP,AUTH
0200452999112508521220228bfd352530,DBIT,EBVIVNVN,74700000.,2022-11-25,ACSP,AUTH
02004529991125085213202240da352534,DBIT,EBVIVNVN,37720000.,2022-11-25,ACSP,AUTH
0200452999112508525820228e60994147,DBIT,EBVIVNVN,200000.,2022-11-25,ACSP,AUTH
020045299911250853002022debf919026,DBIT,EBVIVNVN,14040000.,2022-11-25,ACSP,AUTH
020045299911250852292022a351352538,DBIT,EBVIVNVN,4500000.,2022-11-25,ACSP,AUTH
020045299911250853162022c286994152,DBIT,EBVIVNVN,400000.,2022-11-25,ACSP,AUTH
0200452999112508523920228bab352543,DBIT,EBVIVNVN,4500000.,2022-11-25,ACSP,AUTH
020045299911250852402022f418352548,DBIT,EBVIVNVN,300000.,2022-11-25,ACSP,AUTH
0200452999112508532620220e1f994155,DBIT,EBVIVNVN,17834000.,2022-11-25,ACSP,AUTH
020045299911250852512022381b352555,DBIT,EBVIVNVN,65000.,2022-11-25,ACSP,AUTH
0200452999112508525420226f9a352558,DBIT,EBVIVNVN,160000.,2022-11-25,ACSP,AUTH
02004529991125085340202271a7994160,DBIT,EBVIVNVN,300000.,2022-11-25,ACSP,AUTH
020045299911250853082022546e352567,DBIT,EBVIVNVN,1000000.,2022-11-25,ACSP,AUTH
0200452999112508531720222bd0352571,DBIT,EBVIVNVN,572162.,2022-11-25,ACSP,AUTH
020045299911250854072022eb31994168,DBIT,EBVIVNVN,1546000.,2022-11-25,ACSP,AUTH
020045299911250853262022b015352560,DBIT,EBVIVNVN,1000000.,2022-11-25,ACSP,AUTH
0200452999112508540220220cf2994163,DBIT,EBVIVNVN,320000.,2022-11-25,ACSP,AUTH