0,1682568443675klUrlVWN63,31735300,FAILED,2023-04-27 11-07-23
1,1682568443682Q8Gmy3iG3g,219919100,FAILED,2023-04-27 11-07-23
2,1682568443682U1Rr1JUNEx,143317200,SUCCESS,2023-04-27 11-07-23
3,1682568443682wtzMW4I5so,716353400,SUCCESS,2023-04-27 11-07-23
4,1682568443682pmPD3Ae3U6,363791100,FAILED,2023-04-27 11-07-23
5,1682568443682NbIdWH7tBj,871793200,SUCCESS,2023-04-27 11-07-23
6,1682568443683GXuQIJicEq,124528700,FAILED,2023-04-27 11-07-23
7,1682568443683vZmnnLuida,56495100,FAILED,2023-04-27 11-07-23
8,1682568443683gGnkQYgMzS,129747400,SUCCESS,2023-04-27 11-07-23
9,16825684436831bl0bmHSN7,264738600,FAILED,2023-04-27 11-07-23
10,1682568443683n1r5FdU8jC,94817200,SUCCESS,2023-04-27 11-07-23
11,1682568443683YVhoVTPq1j,658281400,SUCCESS,2023-04-27 11-07-23
12,1682568443683sYWwM3O7zD,124020700,SUCCESS,2023-04-27 11-07-23
13,1682568443683rqowqgDv5n,697956700,FAILED,2023-04-27 11-07-23
14,1682568443683Hn4SwbVKqF,797840800,SUCCESS,2023-04-27 11-07-23
15,1682568443684un0YtaqriJ,247150800,FAILED,2023-04-27 11-07-23
16,1682568443684orNOQX5Nlj,347397200,FAILED,2023-04-27 11-07-23
17,16825684436848RaQIFMj2S,251106900,FAILED,2023-04-27 11-07-23
18,1682568443684Dc10J7HCyF,252711200,FAILED,2023-04-27 11-07-23
19,1682568443684wktfgoA49j,725130700,FAILED,2023-04-27 11-07-23
20,1682568443684B8pIjDVuHI,532679700,SUCCESS,2023-04-27 11-07-23
21,1682568443684oulnBsNt8j,257245200,SUCCESS,2023-04-27 11-07-23
22,1682568443684h03NhH2Iw2,306571100,SUCCESS,2023-04-27 11-07-23
23,1682568443685bfLeo1KyTQ,147063800,SUCCESS,2023-04-27 11-07-23
24,1682568443685GMa7o6x66l,826192000,SUCCESS,2023-04-27 11-07-23
25,1682568443685255iW45BpG,443677800,FAILED,2023-04-27 11-07-23
26,1682568443685IuUK11PwpP,563896500,FAILED,2023-04-27 11-07-23
27,16825684436859sI6y9xkEG,197366900,FAILED,2023-04-27 11-07-23
28,1682568443685Y37lyW1xFd,749737800,FAILED,2023-04-27 11-07-23
29,1682568443685eoJDKSI57o,825807200,FAILED,2023-04-27 11-07-23
30,1682568443685LQDt7dX94P,200413000,SUCCESS,2023-04-27 11-07-23
31,1682568443685IEoy2Hb9ds,571086500,FAILED,2023-04-27 11-07-23
32,1682568443686Fus6ZbAmMb,161944000,SUCCESS,2023-04-27 11-07-23
33,1682568443686C4ENktWbX9,577140100,SUCCESS,2023-04-27 11-07-23
34,1682568443686ca70Vw1bpn,150718700,SUCCESS,2023-04-27 11-07-23
35,1682568443686Ko3UGzFIF0,205491100,FAILED,2023-04-27 11-07-23
36,1682568443686GGWLBmlbFx,328971400,FAILED,2023-04-27 11-07-23
37,1682568443686y7oFRQ2wxz,518719000,SUCCESS,2023-04-27 11-07-23
38,1682568443686X559eDr1Kp,192384200,SUCCESS,2023-04-27 11-07-23
39,1682568443686StI6SjNPQq,38463100,SUCCESS,2023-04-27 11-07-23
40,1682568443686Mv0adBNKPk,469317000,FAILED,2023-04-27 11-07-23
41,16825684436860KOtvCd6v9,720013300,FAILED,2023-04-27 11-07-23
42,1682568443687LUOKGbEnvw,776801900,FAILED,2023-04-27 11-07-23
43,16825684436878MOLN0M8OJ,153092700,SUCCESS,2023-04-27 11-07-23
44,1682568443687FOrwXuahWR,488669800,SUCCESS,2023-04-27 11-07-23
45,168256844368785JmWQQzTy,89693100,SUCCESS,2023-04-27 11-07-23
46,16825684436876aUhlRrY4m,202284000,FAILED,2023-04-27 11-07-23
47,1682568443687EzeNhOnEf0,330124600,SUCCESS,2023-04-27 11-07-23
48,1682568443687738EvsAKRW,251195700,FAILED,2023-04-27 11-07-23
49,1682568443687zgOz2f82hh,674378800,SUCCESS,2023-04-27 11-07-23
50,1682568443687HuwYH8kRm1,543766200,SUCCESS,2023-04-27 11-07-23
51,1682568443687QxgbsLa0Bt,256976900,FAILED,2023-04-27 11-07-23
52,1682568443688B94BeUnJJ3,54099100,SUCCESS,2023-04-27 11-07-23
53,1682568443688g9wjhNpFfL,532061200,FAILED,2023-04-27 11-07-23
54,16825684436887sqQ6UooxX,129263900,FAILED,2023-04-27 11-07-23
55,1682568443688iiQ01aVqTv,661192800,SUCCESS,2023-04-27 11-07-23
56,1682568443688BuQH30GHHM,784704700,SUCCESS,2023-04-27 11-07-23
57,1682568443688BwDoGmmLp7,818031800,FAILED,2023-04-27 11-07-23
58,16825684436886SSSU0E3B0,160048500,FAILED,2023-04-27 11-07-23
59,1682568443688dLqH4pg8aI,167991700,SUCCESS,2023-04-27 11-07-23
60,1682568443688oErDodeVze,162380500,FAILED,2023-04-27 11-07-23
61,168256844368836xrNCtgQL,739144600,SUCCESS,2023-04-27 11-07-23
62,16825684436895zDRqUCE1h,747497100,FAILED,2023-04-27 11-07-23
63,1682568443689StKFTSiyag,304270500,SUCCESS,2023-04-27 11-07-23
64,1682568443689U5rn4QLOqw,812591700,FAILED,2023-04-27 11-07-23
65,1682568443689VkSYM7Flu0,547671600,SUCCESS,2023-04-27 11-07-23
66,1682568443689CSIimN0cqo,545426000,FAILED,2023-04-27 11-07-23
67,1682568443689jGrMpAe8id,787722200,SUCCESS,2023-04-27 11-07-23
68,16825684436898Xaq5rKHIg,662375000,SUCCESS,2023-04-27 11-07-23
69,1682568443689DkU0nzFQtr,701983000,FAILED,2023-04-27 11-07-23
70,1682568443689SRtelpiMOM,666578300,SUCCESS,2023-04-27 11-07-23
71,1682568443689l0Utus43cX,115913500,SUCCESS,2023-04-27 11-07-23
72,1682568443690TvPtRHBB0P,837156400,SUCCESS,2023-04-27 11-07-23
73,1682568443690KihDssVakp,37555700,FAILED,2023-04-27 11-07-23
74,1682568443690FvGlE926zm,210448600,FAILED,2023-04-27 11-07-23
75,1682568443690bFqiBprvlo,630948900,FAILED,2023-04-27 11-07-23
76,1682568443690n3sRulNMZX,319968600,FAILED,2023-04-27 11-07-23
77,1682568443690ZjC5KYsDVU,175544300,FAILED,2023-04-27 11-07-23
78,1682568443690kUJHVnolSh,552119800,SUCCESS,2023-04-27 11-07-23
79,16825684436902rl6aLjVgE,654485300,FAILED,2023-04-27 11-07-23
80,1682568443690rBcUtqk3oz,675114200,SUCCESS,2023-04-27 11-07-23
81,1682568443691YWcf46A4KG,728106600,FAILED,2023-04-27 11-07-23
82,1682568443691TL3rMvSZQL,29417400,FAILED,2023-04-27 11-07-23
83,1682568443691D2zZGPXYzE,255436200,SUCCESS,2023-04-27 11-07-23
84,1682568443691xS08rJPYgM,820149100,FAILED,2023-04-27 11-07-23
85,1682568443691ZQEI3sjHJv,288936800,SUCCESS,2023-04-27 11-07-23
86,1682568443691hTGoGxy2WZ,581513000,SUCCESS,2023-04-27 11-07-23
87,1682568443691lVRa4nXsmP,328402700,FAILED,2023-04-27 11-07-23
88,16825684436917Uio6S7qBP,7388700,FAILED,2023-04-27 11-07-23
89,1682568443691G9s2ocrR4N,304601300,FAILED,2023-04-27 11-07-23
90,1682568443691BKY63YCr41,593957100,FAILED,2023-04-27 11-07-23
91,16825684436910R5aJV4KEB,153389400,SUCCESS,2023-04-27 11-07-23
92,1682568443692QbMxoqFNLR,395220400,SUCCESS,2023-04-27 11-07-23
93,1682568443692iA6Iw0DS9G,883119900,FAILED,2023-04-27 11-07-23
94,1682568443692ee2qBeM2Tm,719584200,SUCCESS,2023-04-27 11-07-23
95,1682568443692goi9GtZgBb,359068600,SUCCESS,2023-04-27 11-07-23
96,1682568443692t4l0gfjkPP,232800100,SUCCESS,2023-04-27 11-07-23
97,1682568443692lRiCHxXMuQ,137932200,FAILED,2023-04-27 11-07-23
98,16825684436922GealxIh77,545755700,FAILED,2023-04-27 11-07-23
99,1682568443692VKOeKQQUJU,444868300,FAILED,2023-04-27 11-07-23
